编号,药材名,性味,归经,功效,主治,用法与用量,注意
1,一枝黄花,辛、苦，凉,归肺、肝经。,清热解毒，疏散风热,用于喉痹，乳蛾，咽喉肿痛，疮疖肿毒，风热感冒。,9~15g。,
2,丁公藤,辛，温；有小毒,归肝、脾、胃经。,祛风除湿，消肿止痛,用于风湿痹痛，半身不遂，跌扑肿痛。,3~6g，用于配制酒剂，内服或外搽。,本品有强烈的发汗作用，虚弱者慎用；孕妇禁用。
3,丁香,辛，温,归脾、胃、肺、肾经。,温中降逆，补肾助阳,用于脾胃虚寒，呃逆呕吐，食少吐泻，心腹冷痛，肾虚阳痿。,1~3g，内服或研末外敷。,不宜与郁金同用。
4,八角茴香,辛，温,归肝、肾、脾、胃经。,温阳散寒，理气止痛,用于寒疝腹痛，肾虚腰痛，胃寒呕吐，脘腹冷痛。,3~6g。,
5,人工牛黄,甘，凉,归心、肝经。,清热解毒，化痰定惊,用于痰热谵狂，神昏不语，小儿急惊风，咽喉肿痛，口舌生疮，痈肿疔疮。,一次0.15~0.35g，多作配方用。外用适量敷患处。,孕妇慎用。
6,人参,甘、微苦，微温,归脾、肺、心、肾经。,大补元气，复脉固脱，补脾益肺，生津养血，安神益智,用于体虚欲脱，肢冷脉微，脾虚食少，肺虚喘咳，津伤口渴，内热消渴，气血亏虚，久病虚羸，惊悸失眠，阳痿宫冷。,3~9g，另煎兑服；也可研粉吞服，一次2g，一日2次。,不宜与藜芦、五灵脂同用。
7,人参叶,苦、甘，寒,归肺、胃经。,补气，益肺，祛暑，生津,用于气虚咳嗽，暑热烦躁，津伤口渴，头目不清，四肢倦乏。,3~9g。,不宜与藜芦、五灵脂同用。
8,儿茶,苦、涩，微寒,归肺、心经。,活血止痛，止血生肌，收湿敛疮，清肺化痰,用于跌扑伤痛，外伤出血，吐血衄血，疮疡不敛，湿疹、湿疮，肺热咳嗽。,1~3g，包煎；多入丸散服。外用适量。,
9,九里香,辛、微苦，温；有小毒,归肝、胃经。,行气止痛，活血散瘀,用于胃痛，风湿痹痛；外治牙痛，跌扑肿痛，虫蛇咬伤。,6~12g。,
10,九香虫,咸，温,归肝、脾、肾经。,理气止痛，温中助阳,用于胃寒胀痛，肝胃气痛，肾虚阳痿，腰膝酸痛。,3~9g。,
11,刀豆,甘，温,归胃、肾经。,温中，下气，止呃,用于虚寒呃逆，呕吐。,6~9g。,
12,三七,甘、微苦，温,归肝、胃经。,散瘀止血，消肿定痛,用于咯血，吐血，衄血，便血，崩漏，外伤出血，胸腹刺痛，跌扑肿痛。,3~9g；研粉吞服，一次1~3g。外用适量。,孕妇慎用。
13,三白草,甘、辛，寒,归肺、膀胱经。,利尿消肿，清热解毒,用于水肿，小便不利，淋沥涩痛，带下；外治疮疡肿毒，湿疹。,15~30g。,
14,三棱,辛、苦，平,归肝、脾经。,破血行气，消积止痛,用于癥瘕痞块，痛经，瘀血经闭，胸痹心痛，食积胀痛。,5~10g。,孕妇禁用；不宜与芒硝、玄明粉同用。
15,三颗针,苦，寒；有毒,归肝、胃、大肠经。,清热燥湿，泻火解毒,用于湿热泻痢，黄疸，湿疹，咽痛目赤，聤耳流脓，痈肿疮毒。,9~15g。,
16,干姜,辛，热,归脾、胃、肾、心、肺经。,温中散寒，回阳通脉，温肺化饮,用于脘腹冷痛，呕吐泄泻，肢冷脉微，寒饮喘咳。,3~10g。,
17,炮姜,辛，热,归脾、胃、肾经。,温经止血，温中止痛,用于阳虚失血，吐衄崩漏，脾胃虚寒，腹痛吐泻。,3~9g。,
18,干漆,辛，温；有毒,归肝、脾经。,破瘀通经，消积杀虫,用于瘀血经闭，癥瘕积聚，虫积腹痛。,2~5g。,孕妇及对漆过敏者禁用。
19,土木香,辛、苦，温,归肝、脾经。,健脾和胃，行气止痛，安胎,用于胸胁、脘腹胀痛，呕吐泻痢，胸胁挫伤，岔气作痛，胎动不安。,3~9g，多入丸散服。,
20,土贝母,苦，微寒,归肺、脾经。,解毒，散结，消肿,用于乳痈，瘰疬，痰核。,5~10g。,
21,土荆皮,辛，温；有毒,归肺、脾经。,杀虫，疗癣，止痒,用于疥癣瘙痒。,外用适量，醋或酒浸涂擦，或研末调涂患处。,
22,土茯苓,甘、淡，平,归肝、胃经。,解毒，除湿，通利关节,用于梅毒及汞中毒所致的肢体拘挛，筋骨疼痛；湿热淋浊，带下，痈肿，瘰疬，疥癣。,15~60g。,
23,土鳖虫（䗪虫）,咸，寒；有小毒,归肝经。,破血逐瘀，续筋接骨,用于跌打损伤，筋伤骨折，血瘀经闭，产后瘀阻腹痛，癥瘕痞块。,3~10g。,孕妇禁用。
24,大叶紫珠,辛、苦，平,归肝、肺、胃经。,散瘀止血，消肿止痛,用于衄血，咯血，吐血，便血，外伤出血，跌扑肿痛。,15~30g。外用适量，研末敷于患处。,
25,大血藤,苦，平,归大肠、肝经。,清热解毒，活血，祛风止痛,用于肠痈腹痛，热毒疮疡，经闭，痛经，跌扑肿痛，风湿痹痛。,9~15g。,
26,大豆黄卷,甘，平,归脾、胃、肺经。,解表祛暑，清热利湿,用于暑湿感冒，湿温初起，发热汗少，胸闷脘痞，肢体酸重，小便不利。,9~15g。,
27,大皂角,辛、咸，温；有小毒,归肺、大肠经。,祛痰开窍，散结消肿,用于中风口噤，昏迷不醒，癫痫痰盛，关窍不通，喉痹痰阻，顽痰喘咳，咳痰不爽，大便燥结；外治痈肿。,1~1.5g，多入丸散用。外用适量，研末吹鼻取嚏或研末调敷患处。,孕妇及咯血、吐血患者忌服。
28,大青叶,苦，寒,归心、胃经。,清热解毒，凉血消斑,用于温病高热，神昏，发斑发疹，痄腮，喉痹，丹毒，痈肿。,9~15g。,
29,大青盐,咸，寒,归心、肾、膀胱经。,清热，凉血，明目,用于吐血，尿血，牙龈肿痛出血，目赤肿痛，风眼烂弦。,1.2~2.5g；或入丸散用。外用适量，研末擦牙或水化漱口、洗目。,水肿者慎用。
30,大枣,甘，温,归脾、胃、心经。,补中益气，养血安神,用于脾虚食少，乏力便溏，妇人脏躁。,6~15g。,
31,大黄,苦，寒,归脾、胃、大肠、肝、心包经。,泻下攻积，清热泻火，凉血解毒，逐瘀通经，利湿退黄,用于实热积滞便秘，血热吐衄，目赤咽肿，痈肿疔疮，肠痈腹痛，瘀血经闭，产后瘀阻，跌打损伤，湿热痢疾，黄疸尿赤，淋证，水肿；外治烧烫伤。酒大黄善清上焦血分热毒，用于目赤咽肿、齿龈肿痛。熟大黄泻下力缓、泻火解毒，用于火毒疮疡。大黄炭凉血化瘀止血，用于血热有瘀出血症。,3~15g；用于泻下不宜久煎。外用适量，研末敷于患处。,孕妇及月经期、哺乳期慎用。
32,大蒜,辛，温,归脾、胃、肺经。,解毒消肿，杀虫，止痢,用于痈肿疮疡，疥癣，肺痨，顿咳，泄泻，痢疾。,9~15g。,
33,大蓟,甘、苦，凉,归心、肝经。,凉血止血，散瘀解毒消痈,用于衄血，吐血，尿血，便血，崩漏，外伤出血，痈肿疮毒。,9~15g。,
34,大蓟炭,苦、涩，凉,归心、肝经。,凉血止血,用于衄血，吐血，尿血，便血，崩漏，外伤出血。,5~10g，多入丸散服。,
35,大腹皮,辛，微温,归脾、胃、大肠、小肠经。,行气宽中，行水消肿,用于湿阻气滞，脘腹胀闷，大便不爽，水肿胀满，脚气浮肿，小便不利。,5~10g。,
36,山麦冬,甘、微苦，微寒,归心、肺、胃经。,养阴生津，润肺清心,用于肺燥干咳，阴虚痨嗽，喉痹咽痛，津伤口渴，内热消渴，心烦失眠，肠燥便秘。,9~15g。,
37,山豆根,苦，寒；有毒,归肺、胃经。,清热解毒，消肿利咽,用于火毒蕴结，乳蛾喉痹，咽喉肿痛，齿龈肿痛，口舌生疮。,3~6g。,
38,山茱萸,酸、涩，微温,归肝、肾经。,补益肝肾，收涩固脱,用于眩晕耳鸣，腰膝酸痛，阳痿遗精，遗尿尿频，崩漏带下，大汗虚脱，内热消渴。,6~12g。,
39,山药,甘，平,归脾、肺、肾经。,补脾养胃，生津益肺，补肾涩精,用于脾虚食少，久泻不止，肺虚喘咳，肾虚遗精，带下，尿频，虚热消渴。麸炒山药补脾健胃。用于脾虚食少，泄泻便溏，白带过多。,15~30g。,
40,山柰,辛，温,归胃经。,行气温中，消食，止痛,用于胸膈胀满，脘腹冷痛，饮食不消。,6~9g。,
41,山香圆叶,苦，寒,归肺、肝经。,清热解毒，利咽消肿，活血止痛,用于乳蛾喉痹，咽喉肿痛，疮疡肿毒，跌扑伤痛。,15~30g。外用适量。,
42,山银花,甘，寒,归肺、心、胃经。,清热解毒，疏散风热,用于痈肿疔疮，喉痹，丹毒，热毒血痢，风热感冒，温病发热。,6~15g。,
43,山楂,酸、甘，微温,归脾、胃、肝经。,消食健胃，行气散瘀，化浊降脂,用于肉食积滞，胃脘胀满，泻痢腹痛，瘀血经闭，产后瘀阻，心腹刺痛，胸痹心痛，疝气疼痛，高脂血症。焦山楂消食导滞作用增强。用于肉食积滞，泻痢不爽。,9~12g。,
44,山楂叶,酸，平,归肝经。,活血化瘀，理气通脉，化浊降脂,用于气滞血瘀，胸痹心痛，胸闷憋气，心悸健忘，眩晕耳鸣，高脂血症。,3~10g；或泡茶饮。,
45,山慈菇,甘、微辛，凉,归肝、脾经。,清热解毒，化痰散结,用于痈肿疔毒，瘰疬痰核，蛇虫咬伤，癥瘕痞块。,3~9g。外用适量。,
46,千年健,苦、辛，温,归肝、肾经。,祛风湿，壮筋骨,用于风寒湿痹，腰膝冷痛，拘挛麻木，筋骨痿软。,5~10g。,
47,千里光,苦，寒,归肺、肝经。,清热解毒，明目，利湿,用于痈肿疮毒，感冒发热，目赤肿痛，泄泻痢疾，皮肤湿疹。,15~30g。外用适量，煎水熏洗。,
48,千金子,辛，温；有毒,归肝、肾、大肠经。,泻下逐水，破血消癥；外用疗癣蚀疣,用于二便不通，水肿，痰饮，积滞胀满，血瘀经闭；外治顽癣，赘疣。,1~2g，去壳，去油用，多入丸散服。外用适量，捣烂敷患处。,孕妇禁用。以免中毒。
49,千金子霜,辛，温；有毒,归肝、肾、大肠经。,泻下逐水，破血消癥；外用疗癣蚀疣,用于二便不通，水肿，痰饮，积滞胀满，血瘀经闭；外治顽癣，赘疣。,0.5~1g，多入丸散服。外用适量。,孕妇禁用。
50,川木香,辛、苦，温,归脾、胃、大肠、胆经。,行气止痛,用于胸胁、脘腹胀痛，肠鸣腹泻，里急后重。,3~9g。,
51,川木通,苦，寒,归心、小肠、膀胱经。,利尿通淋，清心除烦，通经下乳,用于淋证，水肿，心烦尿赤，口舌生疮，经闭乳少，湿热痹痛。,3~6g。,
52,川贝母,苦、甘，微寒,归肺、心经。,清热润肺，化痰止咳，散结消痈,用于肺热燥咳，干咳少痰，阴虚劳嗽，痰中带血，瘰疬，乳痈，肺痈。,3~10g；研粉冲服，一次1~2g。,不宜与川乌、制川乌、草乌、制草乌、附子同用。
53,川牛膝,甘、微苦，平,归肝、肾经。,逐瘀通经，通利关节，利尿通淋,用于经闭癥瘕，胞衣不下，跌扑损伤，风湿痹痛，足痿筋挛，尿血血淋。,5~10g。,孕妇慎用。
54,川乌,辛、苦，热；有大毒,归心、肝、肾、脾经。,祛风除湿，温经止痛,用于风寒湿痹，关节疼痛，心腹冷痛，寒疝作痛及麻醉止痛。,一般炮制后用。,生品内服宜慎；孕妇禁用；不宜与半夏、瓜蒌、瓜蒌子、瓜蒌皮、天花粉、川贝母、浙贝母、平贝母、伊贝母、湖北贝母、白蔹、白及同用。
55,制川乌,辛、苦，热；有毒,归心、肝、肾、脾经。,祛风除湿，温经止痛,用于风寒湿痹，关节疼痛，心腹冷痛，寒疝作痛及麻醉止痛。,1.5~3g，先煎、久煎。,孕妇慎用；不宜与半夏、瓜蒌、瓜蒌子、瓜蒌皮、天花粉、川贝母、浙贝母、平贝母、伊贝母、湖北贝母、白蔹、白及同用。
56,川芎,辛，温,归肝、胆、心包经。,活血行气，祛风止痛,用于胸痹心痛，胸胁刺痛，跌扑肿痛，月经不调，经闭痛经，癥瘕腹痛，头痛，风湿痹痛。,3~10g。,
57,川射干,苦，寒,归肺经。,清热解毒，祛痰，利咽,用于热毒痰火郁结，咽喉肿痛，痰涎壅盛，咳嗽气喘。,6~10g。,
58,川楝子,苦，寒；有小毒,归肝、小肠、膀胱经。,疏肝泄热，行气止痛，杀虫,用于肝郁化火，胸胁、脘腹胀痛，疝气疼痛，虫积腹痛。,5~10g。外用适量，研末调涂。,
59,广东紫珠,苦、涩，凉,归肝、肺、胃经。,收敛止血，散瘀，清热解毒,用于衄血，咯血，吐血，便血，崩漏，外伤出血，肺热咳嗽，咽喉肿痛，热毒疮疡，水火烫伤。,9~15g。外用适量，研粉敷患处。,
60,广枣,甘、酸，平,,行气活血，养心，安神,用于气滞血瘀，胸痹作痛，心悸气短，心神不安。,1.5~2.5g。,
61,广金钱草,甘、淡，凉,归肝、肾、膀胱经。,利湿退黄，利尿通淋,用于黄疸尿赤，热淋，石淋，小便涩痛，水肿尿少。,15~30g。,
62,广藿香,辛，微温,归脾、胃、肺经。,芳香化浊，和中止呕，发表解暑,用于湿浊中阻，脘痞呕吐，暑湿表证，湿温初起，发热倦怠，胸闷不舒，寒湿闭暑，腹痛吐泻，鼻渊头痛。,3~10g。,
63,女贞子,甘、苦，凉,归肝、肾经。,滋补肝肾，明目乌发,用于肝肾阴虚，眩晕耳鸣，腰膝酸软，须发早白，目暗不明，内热消渴，骨蒸潮热。,6~12g。,
64,小叶莲,甘，平；有小毒,,调经活血,用于血瘀经闭，难产，死胎、胎盘不下。,3~9g，多入丸散服。,
65,小驳骨,辛，温,归肝、肾经。,祛瘀止痛，续筋接骨,用于跌打损伤，筋伤骨折，风湿骨痛，血瘀经闭，产后腹痛。,9~15g。外用适量。,孕妇慎用。
66,小茴香,辛，温,归肝、肾、脾、胃经。,散寒止痛，理气和胃,用于寒疝腹痛，睾丸偏坠，痛经，少腹冷痛，脘腹胀痛，食少吐泻。盐小茴香暖肾散寒止痛。用于寒疝腹痛，睾丸偏坠，经寒腹痛。,3~6g。,
67,小通草,甘、淡，寒,归肺、胃经。,清热，利尿，下乳,用于小便不利，淋证，乳汁不下。,3~6g。,
68,小蓟,甘、苦，凉,归心、肝经。,凉血止血，散瘀解毒消痈,用于衄血，吐血，尿血，血淋，便血，崩漏，外伤出血，痈肿疮毒。,5~12g。,
69,飞扬草,辛、酸，凉；有小毒,归肺、膀胱、大肠经。,清热解毒，利湿止痒，通乳,用于肺痈，乳痈，疔疮肿毒，牙疳，痢疾，泄泻，热淋，血尿，湿疹，脚癣，皮肤瘙痒，产后少乳。,6~9g。外用适量，煎水洗。,孕妇慎用。
70,马齿苋,酸，寒,归肝、大肠经。,清热解毒，凉血止血，止痢,用于热毒血痢，痈肿疔疮，湿疹，丹毒，蛇虫咬伤，便血，痔血，崩漏下血。,9~15g。外用适量捣敷患处。,
71,马勃,辛，平,归肺经。,清肺利咽，止血,用于风热郁肺咽痛，音哑，咳嗽；外治鼻衄，创伤出血。,2~6g。外用适量，敷患处。,
72,马钱子,苦，温；有大毒,归肝、脾经。,通络止痛，散结消肿,用于跌打损伤，骨折肿痛，风湿顽痹，麻木瘫痪，痈疽疮毒，咽喉肿痛。,0.3~0.6g，炮制后入丸散用。,孕妇禁用；不宜多服久服及生用；运动员慎用；有毒成分能经皮肤吸收，外用不宜大面积涂敷。
73,马钱子粉,苦，温；有大毒,归肝、脾经。,通络止痛，散结消肿,用于跌打损伤，骨折肿痛，风湿顽痹，麻木瘫痪，痈疽疮毒，咽喉肿痛。,0.3~0.6g，入丸散用。,孕妇禁用；不宜多服久服及生用；运动员慎用；有毒成分能经皮肤吸收，外用不宜大面积涂敷。
74,马鞭草,苦，凉,归肝、脾经。,活血散瘀，解毒，利水，退黄，截疟,用于癥瘕积聚，痛经经闭，喉痹，痈肿，水肿，黄疸，疟疾。,5~10g。,
75,王不留行,苦，平,归肝、胃经。,活血通经，下乳消肿，利尿通淋,用于经闭，痛经，乳汁不下，乳痈肿痛，淋证涩痛。,5~10g。,孕妇慎用。
76,天山雪莲,维吾尔医：性质，二级湿热,中医：微苦，温。,维吾尔医：补肾活血，强筋骨，营养神经，调节异常体液,用于风湿性关节炎，关节疼痛，肺寒咳嗽，肾与小腹冷痛，白带过多等。,3~6g，水煎或酒浸服。外用适量。,
77,天仙子,苦、辛，温；有大毒,归心、胃、肝经。,解痉止痛，平喘，安神,用于胃脘挛痛，喘咳，癫狂。,0.06~0.6g。,心脏病、心动过速、青光眼患者及孕妇禁用。
78,天冬,甘、苦，寒,归肺、肾经。,养阴润燥，清肺生津,用于肺燥干咳，顿咳痰黏，腰膝酸痛，骨蒸潮热，内热消渴，热病津伤，咽干口渴，肠燥便秘。,6~12g。,
79,天花粉,甘、微苦，微寒,归肺、胃经。,清热泻火，生津止渴，消肿排脓,用于热病烦渴，肺热燥咳，内热消渴，疮疡肿毒。,10~15g。,孕妇慎用；不宜与川乌、制川乌、草乌、制草乌、附子同用。
80,天竺黄,甘，寒,归心、肝经。,清热豁痰，凉心定惊,用于热病神昏，中风痰迷，小儿痰热惊痫、抽搐、夜啼。,3~9g。,
81,天南星,苦、辛，温；有毒,归肺、肝、脾经。,散结消肿,外用治痈肿，蛇虫咬伤。,外用生品适量，研末以醋或酒调敷患处。,孕妇慎用；生品内服宜慎。
82,制天南星,苦、辛，温；有毒,归肺、肝、脾经。,燥湿化痰，祛风止痉，散结消肿,用于顽痰咳嗽，风痰眩晕，中风痰壅，口眼㖞斜，半身不遂，癫痫，惊风，破伤风；外用治痈肿，蛇虫咬伤。,3~9g。,孕妇慎用。
83,天麻,甘，平,归肝经。,息风止痉，平抑肝阳，祛风通络,用于小儿惊风，癫痫抽搐，破伤风，头痛眩晕，手足不遂，肢体麻木，风湿痹痛。,3~10g。,
84,天葵子,甘、苦，寒,归肝、胃经。,清热解毒，消肿散结,用于痈肿疔疮，乳痈，瘰疬，蛇虫咬伤。,9~15g。,
85,天然冰片（右旋龙脑）,辛、苦，凉,归心、脾、肺经。,开窍醒神，清热止痛,用于热病神昏、惊厥，中风痰厥，气郁暴厥，中恶昏迷，胸痹心痛，目赤，口疮，咽喉肿痛，耳道流脓。,0.3~0.9g，入丸散服。外用适量，研粉点敷患处。,孕妇慎用。
86,云芝,甘，平,归心、脾、肝、肾经。,健脾利湿，清热解毒,用于湿热黄疸，胁痛，纳差，倦怠乏力。,9~27g。,
87,木瓜,酸，温,归肝、脾经。,舒筋活络，和胃化湿,用于湿痹拘挛，腰膝关节酸重疼痛，暑湿吐泻，转筋挛痛，脚气水肿。,6~9g。,
88,木芙蓉叶,辛，平；归肺、肝经,,凉血，解毒，消肿，止痛,治痈疽焮肿，缠身蛇丹，烫伤，目赤肿痛，跌打损伤。,10~30g。外用适量。,
89,木香,辛、苦，温,归脾、胃、大肠、三焦、胆经。,行气止痛，健脾消食,用于胸胁、脘腹胀痛，泻痢后重，食积不消，不思饮食。煨木香实肠止泻。用于泄泻腹痛。,3~6g。,
90,木贼,甘、苦，平,归肺、肝经。,疏散风热，明目退翳,用于风热目赤，迎风流泪，目生云翳。,3~9g。,
91,木通,苦，寒,归心、小肠、膀胱经。,利尿通淋，清心除烦，通经下乳,用于淋证，水肿，心烦尿赤，口舌生疮，经闭乳少，湿热痹痛。,3~6g。,
92,木棉花,甘、淡，凉,归大肠经。,清热利湿，解毒,用于泄泻，痢疾，痔疮出血。,6~9g。,
93,木蝴蝶,苦、甘，凉,归肺、肝、胃经。,清肺利咽，疏肝和胃,用于肺热咳嗽，喉痹，音哑，肝胃气痛。,1~3g。,
94,木鳖子,苦、微甘，凉；有毒,归肝、脾、胃经。,散结消肿，攻毒疗疮,用于疮疡肿毒，乳痈，瘰疬，痔瘘，干癣，秃疮。,0.9~1.2g。外用适量，研末，用油或醋调涂患处。,孕妇慎用。
95,五加皮,辛、苦，温,归肝、肾经。,祛风除湿，补益肝肾，强筋壮骨，利水消肿,用于风湿痹病，筋骨痿软，小儿行迟，体虚乏力，水肿，脚气。,5~10g。,
96,五味子,酸、甘，温,归肺、心、肾经。,收敛固涩，益气生津，补肾宁心,用于久嗽虚喘，梦遗滑精，遗尿尿频，久泻不止，自汗盗汗，津伤口渴，内热消渴，心悸失眠。,2~6g。,
97,五倍子,酸、涩，寒,归肺、大肠、肾经。,敛肺降火，涩肠止泻，敛汗，止血，收湿敛疮,用于肺虚久咳，肺热痰嗽，久泻久痢，自汗盗汗，消渴，便血痔血，外伤出血，痈肿疮毒，皮肤湿烂。,3~6g。外用适量。,
98,太子参,甘、微苦，平,归脾、肺经。,益气健脾，生津润肺,用于脾虚体倦，食欲不振，病后虚弱，气阴不足，自汗口渴，肺燥干咳。,9~30g。,
99,车前子,甘，寒,归肝、肾、肺、小肠经。,清热利尿通淋，渗湿止泻，明目，祛痰,用于热淋涩痛，水肿胀满，暑湿泄泻，目赤肿痛，痰热咳嗽。,9~15g，包煎。,
100,车前草,甘，寒,归肝、肾、肺、小肠经。,清热利尿通淋，祛痰，凉血，解毒,用于热淋涩痛，水肿尿少，暑湿泄泻，痰热咳嗽，吐血衄血，痈肿疮毒。,9~30g。,
101,瓦松,酸、苦，凉,归肝、肺、脾经。,凉血止血，解毒，敛疮,用于血痢，便血，痔血，疮口久不愈合。,3~9g。外用适量，研末涂敷患处。,
102,瓦楞子,咸，平,归肺、胃、肝经。,消痰化瘀，软坚散结，制酸止痛,用于顽痰胶结，黏稠难咯，瘿瘤，瘰疬，癥瘕痞块，胃痛泛酸。,9~15g，先煎。,
103,牛黄,甘，凉,归心、肝经。,清心，豁痰，开窍，凉肝，息风，解毒,用于热病神昏，中风痰迷，惊痫抽搐，癫痫发狂，咽喉肿痛，口舌生疮，痈肿疔疮。,0.15~0.35g，多入丸散用。外用适量，研末敷患处。,孕妇慎用。
104,牛蒡子,辛、苦，寒,归肺、胃经。,疏散风热，宣肺透疹，解毒利咽,用于风热感冒，咳嗽痰多，麻疹，风疹，咽喉肿痛，痄腮，丹毒，痈肿疮毒。,6~12g。,
105,牛膝,苦、甘、酸，平,归肝、肾经。,逐瘀通经，补肝肾，强筋骨，利尿通淋，引血下行,用于经闭，痛经，腰膝酸痛，筋骨无力，淋证，水肿，头痛，眩晕，牙痛，口疮，吐血，衄血。,5~12g。,孕妇慎用。
106,毛诃子,甘、涩，平,,清热解毒，收敛养血，调和诸药,用于各种热证，泻痢，黄水病，肝胆病，病后虚弱。,3~9g，多入丸散服。,
107,升麻,辛、微甘，微寒,归肺、脾、胃、大肠经。,发表透疹，清热解毒，升举阳气,用于风热头痛，齿痛，口疮，咽喉肿痛，麻疹不透，阳毒发斑，脱肛，子宫脱垂。,3~10g。,
108,片姜黄,辛、苦，温,归脾、肝经。,破血行气，通经止痛,用于胸胁刺痛，胸痹心痛，痛经经闭，癥瘕，风湿肩臂疼痛，跌扑肿痛。,3~9g。,孕妇慎用。
109,化橘红,辛、苦，温,归肺、脾经。,理气宽中，燥湿化痰,用于咳嗽痰多，食积伤酒，呕恶痞闷。,3~6g。,
110,月季花,甘，温,归肝经。,活血调经，疏肝解郁,用于气滞血瘀，月经不调，痛经，闭经，胸胁胀痛。,3~6g。,
111,丹参,苦，微寒,归心、肝经。,活血祛瘀，通经止痛，清心除烦，凉血消痈,用于胸痹心痛，脘腹胁痛，癥瘕积聚，热痹疼痛，心烦不眠，月经不调，痛经经闭，疮疡肿痛。,10~15g。,不宜与藜芦同用。
112,乌药,辛，温,归肺、脾、肾、膀胱经。,行气止痛，温肾散寒,用于寒凝气滞，胸腹胀痛，气逆喘急，膀胱虚冷，遗尿尿频，疝气疼痛，经寒腹痛。,6~10g。,
113,乌梢蛇,甘，平,归肝经。,祛风，通络，止痉,用于风湿顽痹，麻木拘挛，中风口眼㖞斜，半身不遂，抽搐痉挛，破伤风，麻风，疥癣。,6~12g。,
114,乌梅,酸、涩，平,归肝、脾、肺、大肠经。,敛肺，涩肠，生津，安蛔,用于肺虚久咳，久泻久痢，虚热消渴，蛔厥呕吐腹痛。,6~12g。,
115,火麻仁,甘，平,归脾、胃、大肠经。,润肠通便,用于血虚津亏，肠燥便秘。,10~15g。,
116,巴豆,辛，热；有大毒,归胃、大肠经。,外用蚀疮,用于恶疮疥癣，疣痣。,外用适量，研末涂患处，或捣烂以纱布包擦患处。,孕妇禁用；不宜与牵牛子同用。
117,巴豆霜,辛，热；有大毒,归胃、大肠经。,峻下冷积，逐水退肿，豁痰利咽；外用蚀疮,用于寒积便秘，乳食停滞，腹水臌胀，二便不通，喉风，喉痹；外治痈肿脓成不溃，疥癣恶疮，疣痣。,0.1~0.3g，多入丸散用。外用适量。,孕妇禁用；不宜与牵牛子同用。
118,巴戟天,甘、辛，微温,归肾、肝经。,补肾阳，强筋骨，祛风湿,用于阳痿遗精，宫冷不孕，月经不调，少腹冷痛，风湿痹痛，筋骨痿软。,3~10g。,
119,水飞蓟,苦，凉,归肝、胆经。,清热解毒，疏肝利胆,用于肝胆湿热，胁痛，黄疸。,供配制成药用。,
120,水牛角,苦，寒,归心、肝经。,清热凉血，解毒，定惊,用于温病高热，神昏谵语，发斑发疹，吐血衄血，惊风，癫狂。,15~30g，宜先煎3小时以上。,
121,水红花子,咸，微寒,归肝、胃经。,散血消癥，消积止痛，利水消肿,用于癥瘕痞块，瘿瘤，食积不消，胃脘胀痛，水肿腹水。,15~30g。外用适量，熬膏敷患处。,
122,水蛭,咸、苦，平；有小毒,归肝经。,破血通经，逐瘀消癥,用于血瘀经闭，癥瘕痞块，中风偏瘫，跌扑损伤。,1~3g。,孕妇禁用。
123,玉竹,甘，微寒,归肺、胃经。,养阴润燥，生津止渴,用于肺胃阴伤，燥热咳嗽，咽干口渴，内热消渴。,6~12g。,
124,功劳木,苦，寒,归肝、胃、大肠经。,清热燥湿，泻火解毒,用于湿热泻痢，黄疸尿赤，目赤肿痛，胃火牙痛，疮疖痈肿。,9~15g。外用适量。,
125,甘松,辛、甘，温,归脾、胃经。,理气止痛，开郁醒脾；外用祛湿消肿,用于脘腹胀满，食欲不振，呕吐；外用治牙痛，脚气肿毒。,3~6g。外用适量，泡汤漱口或煎汤洗脚或研末敷患处。,
126,甘草,甘，平,归心、肺、脾、胃经。,补脾益气，清热解毒，祛痰止咳，缓急止痛，调和诸药,用于脾胃虚弱，倦怠乏力，心悸气短，咳嗽痰多，脘腹、四肢挛急疼痛，痈肿疮毒，缓解药物毒性、烈性。,2~10g。,不宜与海藻、京大戟、红大戟、甘遂、芫花同用。
127,炙甘草,甘，平,归心、肺、脾、胃经。,补脾和胃，益气复脉,用于脾胃虚弱，倦怠乏力，心动悸，脉结代。,2~10g。,不宜与海藻、京大戟、红大戟、甘遂、芫花同用。
128,甘遂,苦，寒；有毒,归肺、肾、大肠经。,泻水逐饮，消肿散结,用于水肿胀满，胸腹积水，痰饮积聚，气逆咳喘，二便不利，风痰癫痫，痈肿疮毒。,0.5~1.5g，炮制后多入丸散用。外用适量，生用。,孕妇禁用；不宜与甘草同用。
129,艾片（左旋龙脑）,辛、苦，微寒,归心、脾、肺经。,开窍醒神，清热止痛,用于热病神昏、痉厥，中风痰厥，气郁暴厥，中恶昏迷，目赤，口疮，咽喉肿痛，耳道流脓。,0.15~0.3g，入丸散用。外用研粉点敷患处。,孕妇慎用。
130,艾叶,辛、苦，温；有小毒,归肝、脾、肾经。,温经止血，散寒止痛；外用祛湿止痒,用于吐血，衄血，崩漏，月经过多，胎漏下血，少腹冷痛，经寒不调，宫冷不孕；外治皮肤瘙痒。醋艾炭温经止血，用于虚寒性出血。,3~9g。外用适量，供灸治或熏洗用。,
131,石韦,甘、苦，微寒,归肺、膀胱经。,利尿通淋，清肺止咳，凉血止血,用于热淋，血淋，石淋，小便不通，淋沥涩痛，肺热喘咳，吐血，衄血，尿血，崩漏。,6~12g。,
132,石吊兰,苦，温,归肺经。,化痰止咳，软坚散结,用于咳嗽痰多，瘰疬痰核。,9~15g。外用适量，捣敷或煎水外洗。,
133,石决明,咸，寒,归肝经。,平肝潜阳，清肝明目,用于头痛眩晕，目赤翳障，视物昏花，青盲雀目。,6~20g，先煎。,
134,石菖蒲,辛、苦，温,归心、胃经。,开窍豁痰，醒神益智，化湿开胃,用于神昏癫痫，健忘失眠，耳鸣耳聋，脘痞不饥，噤口下痢。,3~10g。,
135,石斛,甘，微寒,归胃、肾经。,益胃生津，滋阴清热,用于热病津伤，口干烦渴，胃阴不足，食少干呕，病后虚热不退，阴虚火旺，骨蒸劳热，目暗不明，筋骨痿软。,6~12g；鲜品15~30g。,
136,石榴皮,酸、涩，温,归大肠经。,涩肠止泻，止血，驱虫,用于久泻，久痢，便血，脱肛，崩漏，带下，虫积腹痛。,3~9g。,
137,石膏,甘、辛，大寒,归肺、胃经。,清热泻火，除烦止渴,用于外感热病，高热烦渴，肺热喘咳，胃火亢盛，头痛，牙痛。,15~60g，先煎。,
138,煅石膏,甘、辛、涩，寒,归肺、胃经。,收湿，生肌，敛疮，止血,外治溃疡不敛，湿疹瘙痒，水火烫伤，外伤出血。,外用适量，研末撒敷患处。,
139,布渣叶,微酸，凉,归脾、胃经。,消食化滞，清热利湿,用于饮食积滞，感冒发热，湿热黄疸。,15~30g。,
140,龙胆,苦，寒,归肝、胆经。,清热燥湿，泻肝胆火,用于湿热黄疸，阴肿阴痒，带下，湿疹瘙痒，肝火目赤，耳鸣耳聋，胁痛口苦，强中，惊风抽搐。,3~6g。,
141,龙眼肉,甘，温,归心、脾经。,补益心脾，养血安神,用于气血不足，心悸怔忡，健忘失眠，血虚萎黄。,9~15g。,
142,龙脷叶,甘、淡，平,归肺、胃经。,润肺止咳，通便,用于肺燥咳嗽，咽痛失音，便秘。,9~15g。,
143,平贝母,苦、甘，微寒,归肺、心经。,清热润肺，化痰止咳,用于肺热燥咳，干咳少痰，阴虚劳嗽，咳痰带血。,3~9g；研粉冲服，一次1~2g。,不宜与川乌、制川乌、草乌、制草乌、附子同用。
144,北刘寄奴,苦，寒,归脾、胃、肝、胆经。,活血祛瘀，通经止痛，凉血，止血，清热利湿,用于跌打损伤，外伤出血，瘀血经闭，月经不调，产后瘀痛，癥瘕积聚，血痢，血淋，湿热黄疸，水肿腹胀，白带过多。,6~9g。,
145,北豆根,苦，寒；有小毒,归肺、胃、大肠经。,清热解毒，祛风止痛,用于咽喉肿痛，热毒泻痢，风湿痹痛。,3~9g。,
146,北沙参,甘、微苦，微寒,归肺、胃经。,养阴清肺，益胃生津,用于肺热燥咳，劳嗽痰血，胃阴不足，热病津伤，咽干口渴。,5~12g。,不宜与藜芦同用。
147,四季青,苦、涩，凉,归肺、大肠、膀胱经。,清热解毒，消肿祛瘀,用于肺热咳嗽，咽喉肿痛，痢疾，胁痛，热淋；外治烧烫伤，皮肤溃疡。,15~60g。外用适量，水煎外涂。,
148,生姜,辛，微温,归肺、脾、胃经。,解表散寒，温中止呕，化痰止咳，解鱼蟹毒,用于风寒感冒，胃寒呕吐，寒痰咳嗽，鱼蟹中毒。,3~10g。,
149,仙茅,辛，热；有毒,归肾、肝、脾经。,补肾阳，强筋骨，祛寒湿,用于阳痿精冷，筋骨痿软，腰膝冷痛，阳虚冷泻。,3~10g。,
150,仙鹤草,苦、涩，平,归心、肝经。,收敛止血，截疟，止痢，解毒，补虚,用于咯血，吐血，崩漏下血，疟疾，血痢，痈肿疮毒，阴痒带下，脱力劳伤。,6~12g。外用适量。,
151,白及,苦、甘、涩，微寒,归肺、肝、胃经。,收敛止血，消肿生肌,用于咯血，吐血，外伤出血，疮疡肿毒，皮肤皲裂。,6~15g；研末吞服3~6g。外用适量。,不宜与川乌、制川乌、草乌、制草乌、附子同用。
152,白术,苦、甘，温,归脾、胃经。,健脾益气，燥湿利水，止汗，安胎,用于脾虚食少，腹胀泄泻，痰饮眩悸，水肿，自汗，胎动不安。,6~12g。,
153,白头翁,苦，寒,归胃、大肠经。,清热解毒，凉血止痢,用于热毒血痢，阴痒带下。,9~15g。,
154,白芍,苦、酸，微寒,归肝、脾经。,养血调经，敛阴止汗，柔肝止痛，平抑肝阳,用于血虚萎黄，月经不调，自汗，盗汗，胁痛，腹痛，四肢挛痛，头痛眩晕。,6~15g。,不宜与藜芦同用。
155,白芷,辛，温,归胃、大肠、肺经。,解表散寒，祛风止痛，宣通鼻窍，燥湿止带，消肿排脓,用于感冒头痛，眉棱骨痛，鼻塞流涕，鼻鼽，鼻渊，牙痛，带下，疮疡肿痛。,3~10g。,
156,白附子,辛，温；有毒,归胃、肝经。,祛风痰，定惊搐，解毒散结，止痛,用于中风痰壅，口眼㖞斜，语言謇涩，惊风癫痫，破伤风，痰厥头痛，偏正头痛，瘰疬痰核，毒蛇咬伤。,3~6g。一般炮制后用，外用生品适量捣烂，熬膏或研末以酒调敷患处。,孕妇慎用；生品内服宜慎。
157,白茅根,甘，寒,归肺、胃、膀胱经。,凉血止血，清热利尿,用于血热吐血，衄血，尿血，热病烦渴，湿热黄疸，水肿尿少，热淋涩痛。,9~30g。,
158,白矾,酸、涩，寒,归肺、脾、肝、大肠经。,外用解毒杀虫，燥湿止痒；内服止血止泻，祛除风痰,外治用于湿疹，疥癣，脱肛，痔疮，聤耳流脓；内服用于久泻不止，便血，崩漏，癫痫发狂。枯矾收湿敛疮，止血化腐。用于湿疹湿疮，脱肛，痔疮，聤耳流脓，阴痒带下，鼻衄齿衄，鼻瘜肉。,0.6~1.5g。外用适量，研末敷或化水洗患处。,
159,白果,甘、苦、涩，平；有毒,归肺、肾经。,敛肺定喘，止带缩尿,用于痰多喘咳，带下白浊，遗尿尿频。,5~10g。,生食有毒。
160,白屈菜,苦，凉；有毒,归肺、胃经。,解痉止痛，止咳平喘,用于胃脘挛痛，咳嗽气喘，百日咳。,9~18g。,
161,白前,辛、苦，微温,归肺经。,降气，消痰，止咳,用于肺气壅实，咳嗽痰多，胸满喘急。,3~10g。,
162,白扁豆,甘，微温,归脾、胃经。,健脾化湿，和中消暑,用于脾胃虚弱，食欲不振，大便溏泻，白带过多，暑湿吐泻，胸闷腹胀。炒白扁豆健脾化湿。用于脾虚泄泻，白带过多。,9~15g。,
163,白蔹,苦，微寒,归心、胃经。,清热解毒，消痈散结，敛疮生肌,用于痈疽发背，疔疮，瘰疬，烧烫伤。,5~10g。外用适量，煎汤洗或研成极细粉敷患处。,不宜与川乌、制川乌、草乌、制草乌、附子同用。
164,白鲜皮,苦，寒,归脾、胃、膀胱经。,清热燥湿，祛风解毒,用于湿热疮毒，黄水淋漓，湿疹，风疹，疥癣疮癞，风湿热痹，黄疸尿赤。,5~10g。外用适量，煎汤洗或研粉敷。,
165,白薇,苦、咸，寒,归胃、肝、肾经。,清热凉血，利尿通淋，解毒疗疮,用于温邪伤营发热，阴虚发热，骨蒸劳热，产后血虚发热，热淋，血淋，痈疽肿毒。,5~10g。,
166,瓜子金,辛、苦，平,归肺经。,祛痰止咳，活血消肿，解毒止痛,用于咳嗽痰多，咽喉肿痛；外治跌打损伤，疔疮疖肿，蛇虫咬伤。,15~30g。,
167,瓜蒌,甘、微苦，寒,归肺、胃、大肠经。,清热涤痰，宽胸散结，润燥滑肠,用于肺热咳嗽，痰浊黄稠，胸痹心痛，结胸痞满，乳痈，肺痈，肠痈，大便秘结。,9~15g。,不宜与川乌、制川乌、草乌、制草乌、附子同用。
168,瓜蒌子,甘，寒,归肺、胃、大肠经。,润肺化痰，滑肠通便,用于燥咳痰黏，肠燥便秘。,9~15g。,不宜与川乌、制川乌、草乌、制草乌、附子同用。
169,炒瓜蒌子,甘，寒,归肺、胃、大肠经。,润肺化痰，滑肠通便,用于燥咳痰黏，肠燥便秘。,9~15g。,不宜与川乌、制川乌、草乌、制草乌、附子同用。
170,瓜蒌子皮,甘，寒,归肺、胃经。,清热化痰，利气宽胸,用于痰热咳嗽，胸闷胁痛。,6~10g。,不宜与川乌、制川乌、草乌、制草乌、附子同用。
171,冬瓜皮,甘，凉,归脾、小肠经。,利尿消肿,用于水肿胀满，小便不利，暑热口渴，小便短赤。,9~30g。,
172,冬虫夏草,甘，平,归肺、肾经。,补肾益肺，止血化痰,用于肾虚精亏，阳痿遗精，腰膝酸痛，久咳虚喘，劳嗽咯血。,3~9g。,久服宜慎。
173,冬凌草,苦、甘，微寒,归肺、胃、肝经。,清热解毒，活血止痛,用于咽喉肿痛，癥瘕痞块，蛇虫咬伤。,30~60g。外用适量。,
174,冬葵果,甘、涩，凉,,清热利尿，消肿,用于尿闭，水肿，口渴；尿路感染。,3~9g。,
175,玄明粉,咸、苦，寒,归胃、大肠经。,泻下通便，润燥软坚，清火消肿,用于实热积滞，大便燥结，腹满胀痛；外治咽喉肿痛，口舌生疮，牙龈肿痛，目赤，痈肿，丹毒。,3~9g，溶入煎好的汤液中服用。外用适量。,孕妇慎用；不宜与硫黄、三棱同用。
176,玄参,甘、苦、咸，微寒,归肺、胃、肾经。,清热凉血，滋阴降火，解毒散结,用于热入营血，温毒发斑，热病伤阴，舌绛烦渴，津伤便秘，骨蒸劳嗽，目赤，咽痛，白喉，瘰疬，痈肿疮毒。,9~15g。,不宜与藜芦同用。
177,半边莲,辛，平,归心、小肠、肺经。,清热解毒，利尿消肿,用于痈肿疔疮，蛇虫咬伤，臌胀水肿，湿热黄疸，湿疹湿疮。,9~15g。,
178,半枝莲,辛、苦，寒,归肺、肝、肾经。,清热解毒，化瘀利尿,用于疔疮肿毒，咽喉肿痛，跌扑伤痛，水肿，黄疸，蛇虫咬伤。,15~30g。,
179,半夏,辛、温；有毒,归脾、胃、肺经。,燥湿化痰，降逆止呕，消痞散结,用于湿痰寒痰，咳喘痰多，痰饮眩悸，风痰眩晕，痰厥头痛，呕吐反胃，胸脘痞闷，梅核气；外治痈肿痰核。,内服一般炮制后使用，3~9g。外用适量，磨汁涂或研末以酒调敷患处。,不宜与川乌、制川乌、草乌、制草乌、附子同用；生品内服宜慎。
180,法半夏,辛，温,归脾、胃、肺经。,燥湿化痰,用于痰多咳喘，痰饮眩悸，风痰眩晕，痰厥头痛。,3~9g。,不宜与川乌、制川乌、草乌、制草乌、附子同用。
181,姜半夏,辛，温,归脾、胃、肺经。,温中化痰，降逆止呕,用于痰饮呕吐，胃脘痞满。,3~9g。,不宜与川乌、制川乌、草乌、制草乌、附子同用。
182,清半夏,辛，温,归脾、胃、肺经。,燥湿化痰,用于湿痰咳嗽，胃脘痞满，痰涎凝聚，咯吐不出。,3~9g。,不宜与川乌、制川乌、草乌、制草乌、附子同用。
183,母丁香,辛，温,归脾、胃、肺、肾经。,温中降逆，补肾助阳,用于脾胃虚寒，呃逆呕吐，食少吐泻，心腹冷痛，肾虚阳痿。,1~3g。内服或研末外敷。,不宜与郁金同用。
184,丝瓜络,甘，平,归肺、胃、肝经。,祛风，通络，活血，下乳,用于痹痛拘挛，胸胁胀痛，乳汁不通，乳痈肿痛。,5~12g。,
185,老鹳草,辛、苦，平,归肝、肾、脾经。,祛风湿，通经络，止泻痢,用于风湿痹痛，麻木拘挛，筋骨酸痛，泄泻痢疾。,9~15g。,
186,地龙,咸，寒,归肝、脾、膀胱经。,清热定惊，通络，平喘，利尿,用于高热神昏，惊痫抽搐，关节痹痛，肢体麻木，半身不遂，肺热喘咳，水肿尿少。,5~10g。,
187,地枫皮,微辛、涩，温；有小毒,归膀胱、肾经。,祛风除湿，行气止痛,用于风湿痹痛，劳伤腰痛。,6~9g。,
188,地肤子,辛、苦，寒,归肾、膀胱经。,清热利湿，祛风止痒,用于小便涩痛，阴痒带下，风疹，湿疹，皮肤瘙痒。,9~15g。外用适量，煎汤熏洗。,
189,地骨皮,甘，寒,归肺、肝、肾经。,凉血除蒸，清肺降火,用于阴虚潮热，骨蒸盗汗，肺热咳嗽，咯血，衄血，内热消渴。,9~15g。,
190,地黄,鲜地黄　甘、苦，寒,归心、肝、肾经。,鲜地黄　清热生津，凉血，止血,用于热病伤阴，舌绛烦渴，温毒发斑，吐血，衄血，咽喉肿痛。,鲜地黄　12~30g。,
191,熟地黄,甘，微温,归肝、肾经。,补血滋阴，益精填髓,用于血虚萎黄，心悸怔忡，月经不调，崩漏下血，肝肾阴虚，腰膝酸软，骨蒸潮热，盗汗遗精，内热消渴，眩晕，耳鸣，须发早白。,9~15g。,
192,地榆,苦、酸、涩，微寒,归肝、大肠经。,凉血止血，解毒敛疮,用于便血，痔血，血痢，崩漏，水火烫伤，痈肿疮毒。,9~15g。外用适量，研末涂敷患处。,
193,地锦草,辛，平,归肝、大肠经。,清热解毒，凉血止血，利湿退黄,用于痢疾，泄泻，咯血，尿血，便血，崩漏，疮疖痈肿，湿热黄疸。,9~20g。外用适量。,
194,芒硝,咸、苦，寒,归胃、大肠经。,泻下通便，润燥软坚，清火消肿,用于实热积滞，腹满胀痛，大便燥结，肠痈肿痛；外治乳痈，痔疮肿痛。,6~12g，一般不入煎剂，待汤剂煎得后，溶入汤液中服用。外用适量。,孕妇慎用；不宜与硫黄、三棱同用。
195,亚乎奴（锡生藤）,甘、苦，温,,消肿止痛，止血，生肌,用于外伤肿痛，创伤出血。,外伤肿痛，干粉适量加酒或蛋清调敷患处。创伤出血，干粉适量外敷，一日1次。,
196,亚麻子,甘，平,归肺、肝、大肠经。,润燥通便，养血祛风,用于肠燥便秘，皮肤干燥，瘙痒，脱发。,9~15g。,大便滑泻者禁用。
197,西瓜霜,咸，寒,归肺、胃、大肠经。,清热泻火，消肿止痛,用于咽喉肿痛，喉痹，口疮。,0.5~1.5g。外用适量，研末吹敷患处。,
198,西红花,甘，平,归心、肝经。,活血化瘀，凉血解毒，解郁安神,用于经闭癥瘕，产后瘀阻，温毒发斑，忧郁痞闷，惊悸发狂。,1~3g，煎服或沸水泡服。,孕妇慎用。
199,西青果,苦、酸、涩，平,归肺、大肠经。,清热生津，解毒,用于阴虚白喉。,1.5~3g。,
200,西河柳,甘、辛，平,归心、肺、胃经。,发表透疹，祛风除湿,用于麻疹不透，风湿痹痛。,3~6g。外用适量，煎汤擦洗。,
201,西洋参,甘、微苦，凉,归心、肺、肾经。,补气养阴，清热生津,用于气虚阴亏，虚热烦倦，咳喘痰血，内热消渴，口燥咽干。,3~6g，另煎兑服。,不宜与藜芦同用。
202,百合,甘，寒,归心、肺经。,养阴润肺，清心安神,用于阴虚燥咳，劳嗽咳血，虚烦惊悸，失眠多梦，精神恍惚。,6~12g。,
203,百部,甘、苦，微温,归肺经。,润肺下气止咳，杀虫灭虱,用于新久咳嗽，肺痨咳嗽，顿咳；外用于头虱，体虱，蛲虫病，阴痒。蜜百部润肺止咳。用于阴虚劳嗽。,3~9g。外用适量，水煎或酒浸。,
204,当归,甘、辛，温,归肝、心、脾经。,补血活血，调经止痛，润肠通便,用于血虚萎黄，眩晕心悸，月经不调，经闭痛经，虚寒腹痛，风湿痹痛，跌扑损伤，痈疽疮疡，肠燥便秘。酒当归活血通经。用于经闭痛经，风湿痹痛，跌扑损伤。,6~12g。,
205,当药,苦，寒,归肝、胃、大肠经。,清湿热，健胃,用于湿热黄疸，胁痛，痢疾腹痛，食欲不振。,6~12g，儿童酌减。,
206,虫白蜡,,,作为赋形剂，制丸、片的润滑剂,,,
207,肉苁蓉,甘、咸，温,归肾、大肠经。,补肾阳，益精血，润肠通便,用于肾阳不足，精血亏虚，阳痿不孕，腰膝酸软，筋骨无力，肠燥便秘。,6~10g。,
208,肉豆蔻,辛，温,归脾、胃、大肠经。,温中行气，涩肠止泻,用于脾胃虚寒，久泻不止，脘腹胀痛，食少呕吐。,3~10g。,
209,肉桂,辛、甘，大热,归肾、脾、心、肝经。,补火助阳，引火归元，散寒止痛，温通经脉,用于阳痿宫冷，腰膝冷痛，肾虚作喘，虚阳上浮，眩晕目赤，心腹冷痛，虚寒吐泻，寒疝腹痛，痛经经闭。,1~5g。,有出血倾向者及孕妇慎用；不宜与赤石脂同用。
210,朱砂,甘，微寒；有毒,归心经。,清心镇惊，安神，明目，解毒,用于心悸易惊，失眠多梦，癫痫发狂，小儿惊风，视物昏花，口疮，喉痹，疮疡肿毒。,0.1~0.5g，多入丸散服，不宜入煎剂。外用适量。,本品有毒，不宜大量服用，也不宜少量久服；孕妇及肝肾功能不全者禁用。
211,朱砂根,微苦、辛，平,归肺、肝经。,解毒消肿，活血止痛，祛风除湿,用于咽喉肿痛，风湿痹痛，跌打损伤。,3~9g。,
212,竹节参,甘、微苦，温,归肝、脾、肺经。,散瘀止血，消肿止痛，祛痰止咳，补虚强壮,用于痨嗽咯血，跌扑损伤，咳嗽痰多，病后虚弱。,6~9g。,
213,竹茹,甘，微寒,归肺、胃、心、胆经。,清热化痰，除烦，止呕,用于痰热咳嗽，胆火挟痰，惊悸不宁，心烦失眠，中风痰迷，舌强不语，胃热呕吐，妊娠恶阻，胎动不安。,5~10g。,
214,延胡索（元胡）,辛、苦，温,归肝、脾经。,活血，行气，止痛,用于胸胁、脘腹疼痛，胸痹心痛，经闭痛经，产后瘀阻，跌扑肿痛。,3~10g；研末吞服，一次1.5~3g。,
215,华山参,甘、微苦，温；有毒,归肺、心经。,温肺祛痰，平喘止咳，安神镇惊,用于寒痰喘咳，惊悸失眠。,0.1~0.2g。,不宜多服，以免中毒；青光眼患者禁服；孕妇及前列腺重度肥大者慎用。
216,自然铜,辛，平,归肝经。,散瘀止痛，续筋接骨,用于跌打损伤，筋骨折伤，瘀肿疼痛。,3~9g，多入丸散服，若入煎剂宜先煎。外用适量。,
217,伊贝母,苦、甘，微寒,归肺、心经。,清热润肺，化痰止咳,用于肺热燥咳，干咳少痰，阴虚劳嗽，咳痰带血。,3~9g。,不宜与川乌、制川乌、草乌、制草乌、附子同用。
218,血余炭,苦，平,归肝、胃经。,收敛止血，化瘀，利尿,用于吐血，咯血，衄血，血淋，尿血，便血，崩漏，外伤出血，小便不利。,5~10g。,
219,血竭,甘、咸，平,归心、肝经。,活血定痛，化瘀止血，生肌敛疮,用于跌打损伤，心腹瘀痛，外伤出血，疮疡不敛。,研末，1~2g，或入丸剂。外用研末撒或入膏药用。,
220,全蝎,辛，平；有毒,归肝经。,息风镇痉，通络止痛，攻毒散结,用于肝风内动，痉挛抽搐，小儿惊风，中风口㖞，半身不遂，破伤风，风湿顽痹，偏正头痛，疮疡，瘰疬。,3~6g。,孕妇禁用。
221,合欢皮,甘，平,归心、肝、肺经。,解郁安神，活血消肿,用于心神不安，忧郁失眠，肺痈，疮肿，跌扑伤痛。,6~12g。外用适量，研末调敷。,
222,合欢花,甘，平,归心、肝经。,解郁安神,用于心神不安，忧郁失眠。,5~10g。,
223,决明子,甘、苦、咸，微寒,归肝、大肠经。,清热明目，润肠通便,用于目赤涩痛，羞明多泪，头痛眩晕，目暗不明，大便秘结。,9~15g。,
224,冰片（合成龙脑）,辛、苦，微寒,归心、脾、肺经。,开窍醒神，清热止痛,用于热病神昏、惊厥，中风痰厥，气郁暴厥，中恶昏迷，胸痹心痛，目赤，口疮，咽喉肿痛，耳道流脓。,0.15~0.3g，入丸散用。外用研粉点敷患处。,孕妇慎用。
225,关黄柏,苦，寒,归肾、膀胱经。,清热燥湿，泻火除蒸，解毒疗疮,用于湿热泻痢，黄疸尿赤，带下阴痒，热淋涩痛，脚气痿躄，骨蒸劳热，盗汗，遗精，疮疡肿毒，湿疹湿疮。盐关黄柏滋阴降火。用于阴虚火旺，盗汗骨蒸。,3~12g。外用适量。,
226,灯心草,甘、淡，微寒,归心、肺、小肠经。,清心火，利小便,用于心烦失眠，尿少涩痛，口舌生疮。,1~3g。,
227,灯盏细辛（灯盏花）,辛、微苦，温,归心、肝经。,活血通络止痛，祛风散寒,用于中风偏瘫，胸痹心痛，风湿痹痛，头痛，牙痛。,9~15g，煎服或研末蒸鸡蛋服。外用适量。,
228,安息香,辛、苦，平,归心、脾经。,开窍醒神，行气活血，止痛,用于中风痰厥，气郁暴厥，中恶昏迷，心腹疼痛，产后血晕，小儿惊风。,0.6~1.5g，多入丸散用。,
229,防己,苦，寒,归膀胱、肺经。,祛风止痛，利水消肿,用于风湿痹痛，水肿脚气，小便不利，湿疹疮毒。,5~10g。,
230,防风,辛、甘，微温,归膀胱、肝、脾经。,祛风解表，胜湿止痛，止痉,用于感冒头痛，风湿痹痛，风疹瘙痒，破伤风。,5~10g。,
231,红大戟,苦，寒；有小毒,归肺、脾、肾经。,泻水逐饮，消肿散结,用于水肿胀满，胸腹积水，痰饮积聚，气逆咳喘，二便不利，痈肿疮毒，瘰疬痰核。,1.5~3g，入丸散服，每次1g；内服醋制用。外用适量，生用。,
232,红花,辛，温,归心、肝经。,活血通经，散瘀止痛,用于经闭，痛经，恶露不行，癥瘕痞块，胸痹心痛，瘀滞腹痛，胸胁刺痛，跌扑损伤，疮疡肿痛。,3~10g。,孕妇慎用。
233,红花龙胆,苦，寒,归肝、胆经。,清热除湿，解毒，止咳,用于湿热黄疸，小便不利，肺热咳嗽。,9~15g。,
234,红芪,甘，微温,归肺、脾经。,补气升阳，固表止汗，利水消肿，生津养血，行滞通痹，托毒排脓，敛疮生肌,用于气虚乏力，食少便溏，中气下陷，久泻脱肛，便血崩漏，表虚自汗，气虚水肿，内热消渴，血虚萎黄，半身不遂，痹痛麻木，痈疽难溃，久溃不敛。,9~30g。,
235,炙红芪,甘，温,归肺、脾经。,补中益气,用于气虚乏力，食少便溏。,9~30g。,
236,红豆蔻,辛，温,归脾、肺经。,散寒燥湿，醒脾消食,用于脘腹冷痛，食积胀满，呕吐泄泻，饮酒过多。,3~6g。,
237,红参,甘、微苦，温,归脾、肺、心、肾经。,大补元气，复脉固脱，益气摄血,用于体虚欲脱，肢冷脉微，气不摄血，崩漏下血。,3~9g，另煎兑服。,不宜与藜芦、五灵脂同用。
238,红粉,辛，热；有大毒,归肺、脾经。,拔毒，除脓，去腐，生肌,用于痈疽疔疮，梅毒下疳，一切恶疮，肉暗紫黑，腐肉不去，窦道瘘管，脓水淋漓，久不收口。,外用适量，研极细粉单用或与其他药味配成散剂或制成药捻。,本品有毒，只可外用，不可内服；外用亦不宜久用；孕妇禁用。
239,红景天,甘、苦，平,归肺、心经。,益气活血，通脉平喘,用于气虚血瘀，胸痹心痛，中风偏瘫，倦怠气喘。,3~6g。,
240,麦冬,甘、微苦，微寒,归心、肺、胃经。,养阴生津，润肺清心,用于肺燥干咳，阴虚痨嗽，喉痹咽痛，津伤口渴，内热消渴，心烦失眠，肠燥便秘。,6~12g。,
241,麦芽,甘，平,归脾、胃经。,行气消食，健脾开胃，回乳消胀,用于食积不消，脘腹胀痛，脾虚食少，乳汁郁积，乳房胀痛，妇女断乳，肝郁胁痛，肝胃气痛。生麦芽健脾和胃，疏肝行气。用于脾虚食少，乳汁郁积。炒麦芽行气消食回乳。用于食积不消，妇女断乳。焦麦芽消食化滞。用于食积不消，脘腹胀痛。,10~15g；回乳炒用60g。,
242,远志,苦、辛，温,归心、肾、肺经。,安神益智，交通心肾，祛痰，消肿,用于心肾不交引起的失眠多梦、健忘惊悸、神志恍惚，咳痰不爽，疮疡肿毒，乳房肿痛。,3~10g。,
243,赤小豆,甘、酸，平,归心、小肠经。,利水消肿，解毒排脓,用于水肿胀满，脚气浮肿，黄疸尿赤，风湿热痹，痈肿疮毒，肠痈腹痛。,9~30g。外用适量，研末调敷。,
244,赤石脂,甘、酸、涩，温,归大肠、胃经。,涩肠，止血，生肌敛疮,用于久泻久痢，大便出血，崩漏带下；外治疮疡久溃不敛，湿疮脓水浸淫。,9~12g，先煎。外用适量，研末敷患处。,不宜与肉桂同用。
245,赤芍,苦，微寒,归肝经。,清热凉血，散瘀止痛,用于热入营血，温毒发斑，吐血衄血，目赤肿痛，肝郁胁痛，经闭痛经，癥瘕腹痛，跌扑损伤，痈肿疮疡。,6~12g。,不宜与藜芦同用。
246,芫花,苦、辛，温；有毒,归肺、脾、肾经。,泻水逐饮；外用杀虫疗疮,用于水肿胀满，胸腹积水，痰饮积聚，气逆咳喘，二便不利；外治疥癣秃疮，痈肿，冻疮。,1.5~3g。醋芫花研末吞服，一次0.6~0.9g，一日1次。外用适量。,孕妇禁用；不宜与甘草同用。
247,花椒,辛，温,归脾、胃、肾经。,温中止痛，杀虫止痒,用于脘腹冷痛，呕吐泄泻，虫积腹痛；外治湿疹，阴痒。,3~6g。外用适量，煎汤熏洗。,
248,花蕊石,酸、涩，平,归肝经。,化瘀止血,用于咯血，吐血，外伤出血，跌扑伤痛。,4.5~9g，多研末服。外用适量。,
249,芥子,辛，温,归肺经。,温肺豁痰利气，散结通络止痛,用于寒痰咳嗽，胸胁胀痛，痰滞经络，关节麻木、疼痛，痰湿流注，阴疽肿毒。,3~9g。外用适量。,
250,苍术,辛、苦，温,归脾、胃、肝经。,燥湿健脾，祛风散寒，明目,用于湿阻中焦，脘腹胀满，泄泻，水肿，脚气痿躄，风湿痹痛，风寒感冒，夜盲，眼目昏涩。,3~9g。,
251,苍耳子,辛、苦，温；有毒,归肺经。,散风寒，通鼻窍，祛风湿,用于风寒头痛，鼻塞流涕，鼻鼽，鼻渊，风疹瘙痒，湿痹拘挛。,3~10g。,
252,芡实,甘、涩，平,归脾、肾经。,益肾固精，补脾止泻，除湿止带,用于遗精滑精，遗尿尿频，脾虚久泻，白浊，带下。,9~15g。,
253,芦荟,苦，寒,归肝、胃、大肠经。,泻下通便，清肝泻火，杀虫疗疳,用于热结便秘，惊痫抽搐，小儿疳积；外治癣疮。,2~5g，宜入丸散。外用适量，研末敷患处。,孕妇慎用。
254,芦根,甘，寒,归肺、胃经。,清热泻火，生津止渴，除烦，止呕，利尿,用于热病烦渴，肺热咳嗽，肺痈吐脓，胃热呕哕，热淋涩痛。,15~30g；鲜品用量加倍，或捣汁用。,
255,苏木,甘、咸，平,归心、肝、脾经。,活血祛瘀，消肿止痛,用于跌打损伤，骨折筋伤，瘀滞肿痛，经闭痛经，产后瘀阻，胸腹刺痛，痈疽肿痛。,3~9g。,孕妇慎用。
256,苏合香,辛，温,归心、脾经。,开窍，辟秽，止痛,用于中风痰厥，猝然昏倒，胸痹心痛，胸腹冷痛，惊痫。,0.3~1g，宜入丸散服。,
257,杜仲,甘，温,归肝、肾经。,补肝肾，强筋骨，安胎,用于肝肾不足，腰膝酸痛，筋骨无力，头晕目眩，妊娠漏血，胎动不安。,6~10g。,
258,杜仲叶,微辛，温,归肝、肾经。,补肝肾，强筋骨,用于肝肾不足，头晕目眩，腰膝酸痛，筋骨痿软。,10~15g。,
259,杠板归,酸，微寒,归肺、膀胱经。,清热解毒，利水消肿，止咳,用于咽喉肿痛，肺热咳嗽，小儿顿咳，水肿尿少，湿热泻痢，湿疹，疖肿，蛇虫咬伤。,15~30g。外用适量，煎汤熏洗。,
260,巫山淫羊藿,辛、甘，温,归肝、肾经。,补肾阳，强筋骨，祛风湿,用于肾阳虚衰，阳痿遗精，筋骨痿软，风湿痹痛，麻木拘挛，绝经期眩晕。,3~9g。,
261,豆蔻,辛，温,归肺、脾、胃经。,化湿行气，温中止呕，开胃消食,用于湿浊中阻，不思饮食，湿温初起，胸闷不饥，寒湿呕逆，胸腹胀痛，食积不消。,3~6g，后下。,
262,两头尖,辛，热；有毒,归脾经。,祛风湿，消痈肿,用于风寒湿痹，四肢拘挛，骨节疼痛，痈肿溃烂。,1~3g。外用适量。,孕妇禁用。
263,两面针,苦、辛，平；有小毒,归肝、胃经。,活血化瘀，行气止痛，祛风通络，解毒消肿,用于跌扑损伤，胃痛，牙痛，风湿痹痛，毒蛇咬伤；外治烧烫伤。,5~10g。外用适量，研末调敷或煎水洗患处。,不能过量服用；忌与酸味食物同服。
264,连钱草,辛、微苦，微寒,归肝、肾、膀胱经。,利湿通淋，清热解毒，散瘀消肿,用于热淋，石淋，湿热黄疸，疮痈肿痛，跌打损伤。,15~30g。外用适量，煎汤洗。,
265,连翘,苦，微寒,归肺、心、小肠经。,清热解毒，消肿散结，疏散风热,用于痈疽，瘰疬，乳痈，丹毒，风热感冒，温病初起，温热入营，高热烦渴，神昏发斑，热淋涩痛。,6~15g。,
266,吴茱萸,辛、苦，热；有小毒,归肝、脾、胃、肾经。,散寒止痛，降逆止呕，助阳止泻,用于厥阴头痛，寒疝腹痛，寒湿脚气，经行腹痛，脘腹胀痛，呕吐吞酸，五更泄泻。,2~5g。外用适量。,
267,牡丹皮,苦、辛，微寒,归心、肝、肾经。,清热凉血，活血化瘀,用于热入营血，温毒发斑，吐血衄血，夜热早凉，无汗骨蒸，经闭痛经，跌扑伤痛，痈肿疮毒。,6~12g。,孕妇慎用。
268,牡荆叶,微苦、辛，平,归肺经。,祛痰，止咳，平喘,用于咳嗽痰多。,鲜用，供提取牡荆油用。,
269,牡蛎,咸，微寒,归肝、胆、肾经。,重镇安神，潜阳补阴，软坚散结,用于惊悸失眠，眩晕耳鸣，瘰疬痰核，癥瘕痞块。煅牡蛎收敛固涩，制酸止痛。用于自汗盗汗，遗精滑精，崩漏带下，胃痛吞酸。,9~30g，先煎。,
270,体外培育牛黄,甘，凉,归心、肝经。,清心，豁痰，开窍，凉肝，息风，解毒,用于热病神昏，中风痰迷，惊痫抽搐，癫痫发狂，咽喉肿痛，口舌生疮，痈肿疔疮。,0.15~0.35g，多入丸散用。外用适量，研末敷患处。,孕妇慎用；偶有轻度消化道不适。
271,何首乌,苦、甘、涩，微温,归肝、心、肾经。,解毒，消痈，截疟，润肠通便,用于疮痈，瘰疬，风疹瘙痒，久疟体虚，肠燥便秘。,3~6g。,
272,制何首乌,苦、甘、涩，微温,归肝、心、肾经。,补肝肾，益精血，乌须发，强筋骨，化浊降脂,用于血虚萎黄，眩晕耳鸣，须发早白，腰膝酸软，肢体麻木，崩漏带下，高脂血症。,6~12g。,
273,伸筋草,微苦、辛，温,归肝、脾、肾经。,祛风除湿，舒筋活络,用于关节酸痛，屈伸不利。,3~12g。,
274,皂角刺,辛，温,归肝、胃经。,消肿托毒，排脓，杀虫,用于痈疽初起或脓成不溃；外治疥癣麻风。,3~10g。外用适量，醋蒸取汁涂患处。,
275,皂矾（绿矾）,酸，凉,归肝、脾经。,解毒燥湿，杀虫补血,用于黄肿胀满，疳积久痢，肠风便血，血虚萎黄，湿疮疥癣，喉痹口疮。,0.8~1.6g。外用适量。,孕妇慎用。
276,佛手,辛、苦、酸，温,归肝、脾、胃、肺经。,疏肝理气，和胃止痛，燥湿化痰,用于肝胃气滞，胸胁胀痛，胃脘痞满，食少呕吐，咳嗽痰多。,3~10g。,
277,余甘子,甘、酸、涩，凉,归肺、胃经。,清热凉血，消食健胃，生津止咳,用于血热血瘀，消化不良，腹胀，咳嗽，喉痛，口干。,3~9g，多入丸散服。,
278,谷芽,甘，温,归脾、胃经。,消食和中，健脾开胃,用于食积不消，腹胀口臭，脾胃虚弱，不饥食少。炒谷芽偏于消食，用于不饥食少。焦谷芽善化积滞，用于积滞不消。,9~15g。,
279,谷精草,辛、甘，平,归肝、肺经。,疏散风热，明目退翳,用于风热目赤，肿痛羞明，眼生翳膜，风热头痛。,5~10g。,
280,龟甲,咸、甘，微寒,归肝、肾、心经。,滋阴潜阳，益肾强骨，养血补心，固经止崩,用于阴虚潮热，骨蒸盗汗，头晕目眩，虚风内动，筋骨痿软，心虚健忘，崩漏经多。,9~24g，先煎。,
281,龟甲胶,咸、甘，凉,归肝、肾、心经。,滋阴，养血，止血,用于阴虚潮热，骨蒸盗汗，腰膝酸软，血虚萎黄，崩漏带下。,3~9g，烊化兑服。,
282,辛夷,辛，温,归肺、胃经。,散风寒，通鼻窍,用于风寒头痛，鼻塞流涕，鼻鼽，鼻渊。,3~10g，包煎。外用适量。,
283,羌活,辛、苦，温,归膀胱、肾经。,解表散寒，祛风除湿，止痛,用于风寒感冒，头痛项强，风湿痹痛，肩背酸痛。,3~10g。,
284,沙苑子,甘，温,归肝、肾经。,补肾助阳，固精缩尿，养肝明目,用于肾虚腰痛，遗精早泄，遗尿尿频，白浊带下，眩晕，目暗昏花。,9~15g。,
285,沙棘,酸、涩，温,归脾、胃、肺、心经。,健脾消食，止咳祛痰，活血散瘀,用于脾虚食少，食积腹痛，咳嗽痰多，胸痹心痛，瘀血经闭，跌扑瘀肿。,3~10g。,
286,沉香,辛、苦，微温,归脾、胃、肾经。,行气止痛，温中止呕，纳气平喘,用于胸腹胀闷疼痛，胃寒呕吐呃逆，肾虚气逆喘急。,1~5g，后下。,
287,没药,辛、苦，平,归心、肝、脾经。,散瘀定痛，消肿生肌,用于胸痹心痛，胃脘疼痛，痛经经闭，产后瘀阻，癥瘕腹痛，风湿痹痛，跌打损伤，痈肿疮疡。,3~5g，炮制去油，多入丸散用。,孕妇及胃弱者慎用。
288,诃子,苦、酸、涩，平,归肺、大肠经。,涩肠止泻，敛肺止咳，降火利咽,用于久泻久痢，便血脱肛，肺虚喘咳，久嗽不止，咽痛音哑。,3~10g。,
289,补骨脂,辛、苦，温,归肾、脾经。,温肾助阳，纳气平喘，温脾止泻；外用消风祛斑,用于肾阳不足，阳痿遗精，遗尿尿频，腰膝冷痛，肾虚作喘，五更泄泻；外用治白癜风，斑秃。,6~10g。外用20%~30%酊剂涂患处。,
290,灵芝,甘，平,归心、肺、肝、肾经。,补气安神，止咳平喘,用于心神不宁，失眠心悸，肺虚咳喘，虚劳短气，不思饮食。,6~12g。,
291,阿胶,甘，平,归肺、肝、肾经。,补血滋阴，润燥，止血,用于血虚萎黄，眩晕心悸，肌痿无力，心烦不眠，虚风内动，肺燥咳嗽，劳嗽咯血，吐血尿血，便血崩漏，妊娠胎漏。,3~9g。烊化兑服。,
292,阿魏,苦、辛，温,归脾、胃经。,消积，化癥，散痞，杀虫,用于肉食积滞，瘀血癥瘕，腹中痞块，虫积腹痛。,1~1.5g，多入丸散和外用膏药。,孕妇禁用。
293,陈皮,苦、辛，温,归肺、脾经。,理气健脾，燥湿化痰,用于脘腹胀满，食少吐泻，咳嗽痰多。,3~10g。,
294,附子,辛、甘，大热；有毒,归心、肾、脾经。,回阳救逆，补火助阳，散寒止痛,用于亡阳虚脱，肢冷脉微，心阳不足，胸痹心痛，虚寒吐泻，脘腹冷痛，肾阳虚衰，阳痿宫冷，阴寒水肿，阳虚外感，寒湿痹痛。,3~15g，先煎，久煎。,孕妇慎用；不宜与半夏、瓜蒌、瓜蒌子、瓜蒌皮、天花粉、川贝母、浙贝母、平贝母、伊贝母、湖北贝母、白蔹、白及同用。
295,忍冬藤,甘，寒,归肺、胃经。,清热解毒，疏风通络,用于温病发热，热毒血痢，痈肿疮疡，风湿热痹，关节红肿热痛。,9~30g。,
296,鸡内金,甘，平,归脾、胃、小肠、膀胱经。,健胃消食，涩精止遗，通淋化石,用于食积不消，呕吐泻痢，小儿疳积，遗尿，遗精，石淋涩痛，胆胀胁痛。,3~10g。,
297,鸡血藤,苦、甘，温,归肝、肾经。,活血补血，调经止痛，舒筋活络,用于月经不调，痛经，经闭，风湿痹痛，麻木瘫痪，血虚萎黄。,9~15g。,
298,鸡骨草,甘、微苦，凉,归肝、胃经。,利湿退黄，清热解毒，疏肝止痛,用于湿热黄疸，胁肋不舒，胃脘胀痛，乳痈肿痛。,15~30g。,
299,鸡冠花,甘、涩，凉,归肝、大肠经。,收敛止血，止带，止痢,用于吐血，崩漏，便血，痔血，赤白带下，久痢不止。,6~12g。,
300,青风藤,苦、辛，平,归肝、脾经。,祛风湿，通经络，利小便,用于风湿痹痛，关节肿胀，麻痹瘙痒。,6~12g。,
301,青叶胆,苦、甘，寒,归肝、胆、膀胱经。,清肝利胆，清热利湿,用于肝胆湿热，黄疸尿赤，胆胀胁痛，热淋涩痛。,10~15g。,虚寒者慎服。
302,青皮,苦、辛，温,归肝、胆、胃经。,疏肝破气，消积化滞,用于胸胁胀痛，疝气疼痛，乳癖，乳痈，食积气滞，脘腹胀痛。,3~10g。,
303,青果,甘、酸，平,归肺、胃经。,清热解毒，利咽，生津,用于咽喉肿痛，咳嗽痰黏，烦热口渴，鱼蟹中毒。,5~10g。,
304,青葙子,苦，微寒,归肝经。,清肝泻火，明目退翳,用于肝热目赤，目生翳膜，视物昏花，肝火眩晕。,9~15g。,本品有扩散瞳孔作用，青光眼患者禁用。
305,青蒿,苦、辛，寒,归肝、胆经。,清虚热，除骨蒸，解暑热，截疟，退黄,用于温邪伤阴，夜热早凉，阴虚发热，骨蒸劳热，暑邪发热，疟疾寒热，湿热黄疸。,6~12g，后下。,
306,青礞石,甘、咸，平,归肺、心、肝经。,坠痰下气，平肝镇惊,用于顽痰胶结，咳逆喘急，癫痫发狂，烦躁胸闷，惊风抽搐。,多入丸散服，3~6g；煎汤10~15g，布包先煎。,
307,青黛,咸，寒,归肝经。,清热解毒，凉血消斑，泻火定惊,用于温毒发斑，血热吐衄，胸痛咳血，口疮，痄腮，喉痹，小儿惊痫。,1~3g，宜入丸散用。外用适量。,
308,玫瑰花,甘、微苦，温,归肝、脾经。,行气解郁，和血，止痛,用于肝胃气痛，食少呕恶，月经不调，跌扑伤痛。,3~6g。,
309,苦木,苦，寒；有小毒,归肺、大肠经。,清热解毒，祛湿,用于风热感冒，咽喉肿痛，湿热泻痢，湿疹，疮疖，蛇虫咬伤。,枝3~4.5g；叶1~3g。外用适量。,
310,苦玄参,苦，寒,归肺、胃、肝经。,清热解毒，消肿止痛,用于风热感冒，咽喉肿痛，喉痹，痄腮，脘腹疼痛，痢疾，跌打损伤，疖肿，毒蛇咬伤。,9~15g。外用适量。,
311,苦地丁,苦，寒,归心、肝、大肠经。,清热解毒，散结消肿,用于时疫感冒，咽喉肿痛，疔疮肿痛，痈疽发背，痄腮丹毒。,9~15g。外用适量，煎汤洗患处。,
312,苦杏仁,苦，微温；有小毒,归肺、大肠经。,降气止咳平喘，润肠通便,用于咳嗽气喘，胸满痰多，肠燥便秘。,5~10g，生品入煎剂后下。,内服不宜过量，以免中毒。
313,苦参,苦，寒,归心、肝、胃、大肠、膀胱经。,清热燥湿，杀虫，利尿,用于热痢，便血，黄疸尿闭，赤白带下，阴肿阴痒，湿疹，湿疮，皮肤瘙痒，疥癣麻风；外治滴虫性阴道炎。,4.5~9g。外用适量，煎汤洗患处。,不宜与藜芦同用。
314,苦楝皮,苦，寒；有毒,归肝、脾、胃经。,杀虫，疗癣,用于蛔虫病，蛲虫病，虫积腹痛；外治疥癣瘙痒。,3~6g。外用适量，研末，用猪脂调敷患处。,孕妇及肝肾功能不全者慎用。
315,苘麻子,苦，平,归大肠、小肠、膀胱经。,清热解毒，利湿，退翳,用于赤白痢疾，淋证涩痛，痈肿疮毒，目生翳膜。,3~9g。,
316,枇杷叶,苦，微寒,归肺、胃经。,清肺止咳，降逆止呕,用于肺热咳嗽，气逆喘急，胃热呕逆，烦热口渴。,6~10g。,
317,板蓝根,苦，寒,归心、胃经。,清热解毒，凉血利咽,用于温疫时毒，发热咽痛，温毒发斑，痄腮，烂喉丹痧，大头瘟疫，丹毒，痈肿。,9~15g。,
318,松花粉,甘，温,归肝、脾经。,收敛止血，燥湿敛疮,用于外伤出血，湿疹，黄水疮，皮肤糜烂，脓水淋漓。,外用适量，撒敷患处。,
319,枫香脂,辛、微苦，平,归肺、脾经。,活血止痛，解毒生肌，凉血止血,用于跌扑损伤，痈疽肿痛，吐血，衄血，外伤出血。,1~3g，宜入丸散服。外用适量。,
320,刺五加,辛、微苦，温,归脾、肾、心经。,益气健脾，补肾安神,用于脾肺气虚，体虚乏力，食欲不振，肺肾两虚，久咳虚喘，肾虚腰膝酸痛，心脾不足，失眠多梦。,9~27g。,
321,郁李仁,辛、苦、甘，平,归脾、大肠、小肠经。,润肠通便，下气利水,用于津枯肠燥，食积气滞，腹胀便秘，水肿，脚气，小便不利。,6~10g。,孕妇慎用。
322,郁金,辛、苦，寒,归肝、心、肺经。,活血止痛，行气解郁，清心凉血，利胆退黄,用于胸胁刺痛，胸痹心痛，经闭痛经，乳房胀痛，热病神昏，癫痫发狂，血热吐衄，黄疸尿赤。,3~10g。,不宜与丁香、母丁香同用。
323,虎杖,微苦，微寒,归肝、胆、肺经。,利湿退黄，清热解毒，散瘀止痛，止咳化痰,用于湿热黄疸，淋浊，带下，风湿痹痛，痈肿疮毒，水火烫伤，经闭，癥瘕，跌打损伤，肺热咳嗽。,9~15g。外用适量，制成煎液或油膏涂敷。,孕妇慎用。
324,昆布,咸，寒,归肝、胃、肾经。,消痰软坚散结，利水消肿,用于瘿瘤，瘰疬，睾丸肿痛，痰饮水肿。,6~12g。,
325,明党参,甘、微苦，微寒,归肺、脾、肝经。,润肺化痰，养阴和胃，平肝，解毒,用于肺热咳嗽，呕吐反胃，食少口干，目赤眩晕，疔毒疮疡。,6~12g。,
326,岩白菜,苦、涩，平,归肺、肝、脾经。,收敛止泻，止血止咳，舒筋活络,用于腹泻，痢疾，食欲不振，内外伤出血，肺结核咳嗽，气管炎咳嗽，风湿疼痛，跌打损伤。,6~12g。外用适量。,
327,罗布麻叶,甘、苦，凉,归肝经。,平肝安神，清热利水,用于肝阳眩晕，心悸失眠，浮肿尿少。,6~12g。,
328,罗汉果,甘，凉,归肺、大肠经。,清热润肺，利咽开音，滑肠通便,用于肺热燥咳，咽痛失音，肠燥便秘。,9~15g。,
329,知母,苦、甘，寒,归肺、胃、肾经。,清热泻火，滋阴润燥,用于外感热病，高热烦渴，肺热燥咳，骨蒸潮热，内热消渴，肠燥便秘。,6~12g。,
330,垂盆草,甘、淡，凉,归肝、胆、小肠经。,利湿退黄，清热解毒,用于湿热黄疸，小便不利，痈肿疮疡。,15~30g。,
331,委陵菜,苦，寒,归肝、大肠经。,清热解毒，凉血止痢,用于赤痢腹痛，久痢不止，痔疮出血，痈肿疮毒。,9~15g。外用适量。,
332,使君子,甘，温,归脾、胃经。,杀虫消积,用于蛔虫病，蛲虫病，虫积腹痛，小儿疳积。,使君子9~12g，捣碎入煎剂；使君子仁6~9g，多入丸散或单用，作1~2次分服。小儿每岁1~1.5粒，炒香嚼服，1日总量不超过20粒。,服药时忌饮浓茶。
333,侧柏叶,苦、涩，寒,归肺、肝、脾经。,凉血止血，化痰止咳，生发乌发,用于吐血，衄血，咯血，便血，崩漏下血，肺热咳嗽，血热脱发，须发早白。,6~12g。外用适量。,
334,佩兰,辛，平,归脾、胃、肺经。,芳香化湿，醒脾开胃，发表解暑,用于湿浊中阻，脘痞呕恶，口中甜腻，口臭，多涎，暑湿表证，湿温初起，发热倦怠，胸闷不舒。,3~10g。,
335,金龙胆草,苦，寒,归肺、肝经。,清热化痰，止咳平喘，解毒利湿，凉血止血,用于肺热咳嗽，痰多气喘，咽痛，口疮，湿热黄疸，衄血，便血，崩漏，外伤出血。,6~9g。,
336,金果榄,苦，寒,归肺、大肠经。,清热解毒，利咽，止痛,用于咽喉肿痛，痈疽疔毒，泄泻，痢疾，脘腹疼痛。,3~9g。外用适量，研末吹喉或醋磨涂敷患处。,
337,金沸草,苦、辛、咸，温,归肺、大肠经。,降气，消痰，行水,用于外感风寒，痰饮蓄结，咳喘痰多，胸膈痞满。,5~10g。,
338,金荞麦,微辛、涩，凉,归肺经。,清热解毒，排脓祛瘀,用于肺痈吐脓，肺热喘咳，乳蛾肿痛。,15~45g，用水或黄酒隔水密闭炖服。,
339,金钱白花蛇,甘、咸，温；有毒,归肝经。,祛风，通络，止痉,用于风湿顽痹，麻木拘挛，中风口眼㖞斜，半身不遂，抽搐痉挛，破伤风，麻风，疥癣。,2~5g。研粉吞服1~1.5g。,
340,金钱草,甘、咸，微寒,归肝、胆、肾、膀胱经。,利湿退黄，利尿通淋，解毒消肿,用于湿热黄疸，胆胀胁痛，石淋，热淋，小便涩痛，痈肿疔疮，蛇虫咬伤。,15~60g。,
341,金铁锁,苦、辛，温；有小毒,归肝经。,祛风除湿，散瘀止痛，解毒消肿,用于风湿痹痛，胃脘冷痛，跌打损伤，外伤出血；外治疮疖，蛇虫咬伤。,0.1~0.3g，多入丸散服。外用适量。,孕妇慎用。
342,金银花,甘，寒,归肺、心、胃经。,清热解毒，疏散风热,用于痈肿疔疮，喉痹，丹毒，热毒血痢，风热感冒，温病发热。,6~15g。,
343,金樱子,酸、甘、涩，平,归肾、膀胱、大肠经。,固精缩尿，固崩止带，涩肠止泻,用于遗精滑精，遗尿尿频，崩漏带下，久泻久痢。,6~12g。,
344,金礞石,甘、咸，平,归肺、心、肝经。,坠痰下气，平肝镇惊,用于顽痰胶结，咳逆喘急，癫痫发狂，烦躁胸闷，惊风抽搐。,多入丸散服，3~6g；煎汤10~15g，布包先煎。,
345,乳香,辛、苦，温,归心、肝、脾经。,活血定痛，消肿生肌,用于胸痹心痛，胃脘疼痛，痛经经闭，产后瘀阻，癥瘕腹痛，风湿痹痛，筋脉拘挛，跌打损伤，痈肿疮疡。,煎汤或入丸、散，3~5g；外用适量，研末调敷。,孕妇及胃弱者慎用。
346,肿节风,苦、辛，平,归心、肝经。,清热凉血，活血消斑，祛风通络,用于血热发斑发疹，风湿痹痛，跌打损伤。,9~30g。,
347,鱼腥草,辛，微寒,归肺经。,清热解毒，消痈排脓，利尿通淋,用于肺痈吐脓，痰热喘咳，热痢，热淋，痈肿疮毒。,15~25g，不宜久煎；鲜品用量加倍，水煎或捣汁服。外用适量，捣敷或煎汤熏洗患处。,
348,狗脊,苦、甘，温,归肝、肾经。,祛风湿，补肝肾，强腰膝,用于风湿痹痛，腰膝酸软，下肢无力。,6~12g。,
349,京大戟,苦，寒；有毒,归肺、脾、肾经。,泻水逐饮，消肿散结,用于水肿胀满，胸腹积水，痰饮积聚，气逆咳喘，二便不利，痈肿疮毒，瘰疬痰核。,1.5~3g。入丸散服，每次1g；内服醋制用。外用适量，生用。,孕妇禁用；不宜与甘草同用。
350,闹羊花,辛，温；有大毒,归肝经。,祛风除湿，散瘀定痛,用于风湿痹痛，偏正头痛，跌扑肿痛，顽癣。,0.6~1.5g，浸酒或入丸散。外用适量，煎水洗。,不宜多服、久服；体虚者及孕妇禁用。
351,卷柏,辛，平,归肝、心经。,活血通经,用于经闭痛经，癥瘕痞块，跌扑损伤。卷柏炭化瘀止血。用于吐血，崩漏，便血，脱肛。,5~10g。,孕妇慎用。
352,炉甘石,甘，平,归肝、脾经。,解毒明目退翳，收湿止痒敛疮,用于目赤肿痛，睑弦赤烂，翳膜遮睛，胬肉攀睛，溃疡不敛，脓水淋漓，湿疮瘙痒。,外用适量。,
353,油松节,苦、辛，温,入肝、肾经。,祛风除湿，通络止痛,用于风寒湿痹，历节风痛，转筋挛急，跌打伤痛。,9~15g。,阴虚血燥者慎用。
354,泽兰,苦、辛，微温,归肝、脾经。,活血调经，祛瘀消痈，利水消肿,用于月经不调，经闭，痛经，产后瘀血腹痛，疮痈肿毒，水肿腹水。,6~12g。,
355,泽泻,甘、淡，寒,归肾、膀胱经。,利水渗湿，泄热，化浊降脂,用于小便不利，水肿胀满，泄泻尿少，痰饮眩晕，热淋涩痛，高脂血症。,6~10g。,
356,降香,辛，温,归肝、脾经。,化瘀止血，理气止痛,用于吐血，衄血，外伤出血，肝郁胁痛，胸痹刺痛，跌扑伤痛，呕吐腹痛。,9~15g，后下。外用适量，研细末敷患处。,
357,细辛,辛，温,归心、肺、肾经。,解表散寒，祛风止痛，通窍，温肺化饮,用于风寒感冒，头痛，牙痛，鼻塞流涕，鼻鼽，鼻渊，风湿痹痛，痰饮喘咳。,1~3g。散剂每次服0.5~1g。外用适量。,不宜与藜芦同用。
358,贯叶金丝桃,辛，寒,归肝经。,疏肝解郁，清热利湿，消肿通乳,用于肝气郁结，情志不畅，心胸郁闷，关节肿痛，乳痈，乳少。,2~3g。,
359,珍珠,甘、咸，寒,归心、肝经。,安神定惊，明目消翳，解毒生肌，润肤祛斑,用于惊悸失眠，惊风癫痫，目赤翳障，疮疡不敛，皮肤色斑。,0.1~0.3g，多入丸散用。外用适量。,
360,珍珠母,咸，寒,归肝、心经。,平肝潜阳，安神定惊，明目退翳,用于头痛眩晕，惊悸失眠，目赤翳障，视物昏花。,10~25g，先煎。,
361,荆芥,辛，微温,归肺、肝经。,解表散风，透疹，消疮,用于感冒，头痛，麻疹，风疹，疮疡初起。,5~10g。,
362,荆芥炭,辛、涩，微温,归肺、肝经。,收敛止血,用于便血，崩漏，产后血晕。,5~10g。,
363,荆芥穗,辛，微温,归肺、肝经。,解表散风，透疹，消疮,用于感冒，头痛，麻疹，风疹，疮疡初起。,5~10g。,
364,荆芥穗炭,辛、涩，微温,归肺、肝经。,收涩止血,用于便血，崩漏，产后血晕。,5~10g。,
365,茜草,苦，寒,归肝经。,凉血，祛瘀，止血，通经,用于吐血，衄血，崩漏，外伤出血，瘀阻经闭，关节痹痛，跌扑肿痛。,6~10g。,
366,荜茇,辛，热,归胃、大肠经。,温中散寒，下气止痛,用于脘腹冷痛，呕吐，泄泻，寒凝气滞，胸痹心痛，头痛，牙痛。,1~3g。外用适量，研末塞龋齿孔中。,
367,荜澄茄,辛，温,归脾、胃、肾、膀胱经。,温中散寒，行气止痛,用于胃寒呕逆，脘腹冷痛，寒疝腹痛，寒湿郁滞，小便浑浊。,1~3g。,
368,草乌,辛、苦，热；有大毒,归心、肝、肾、脾经。,祛风除湿，温经止痛,用于风寒湿痹，关节疼痛，心腹冷痛，寒疝作痛及麻醉止痛。,一般炮制后用。,生品内服宜慎；孕妇禁用；不宜与半夏、瓜蒌、瓜蒌子、瓜蒌皮、天花粉、川贝母、浙贝母、平贝母、伊贝母、湖北贝母、白蔹、白及同用。
369,制草乌,辛、苦，热；有毒,归心、肝、肾、脾经。,同草乌,,1.5~3g，宜先煎、久煎。,
370,草乌叶,辛、涩，平；有小毒,,清热，解毒，止痛,用于热病发热，泄泻腹痛，头痛，牙痛。,1~1.2g，多入丸散用。,孕妇慎用。
371,草豆蔻,辛，温,归脾、胃经。,燥湿行气，温中止呕,用于寒湿内阻，脘腹胀满冷痛，嗳气呕逆，不思饮食。,3~6g。,
372,草果,辛，温,归脾、胃经。,燥湿温中，截疟除痰,用于寒湿内阻，脘腹胀痛，痞满呕吐，疟疾寒热，瘟疫发热。,3~6g。,
373,茵陈,苦、辛，微寒,归脾、胃、肝、胆经。,清利湿热，利胆退黄,用于黄疸尿少，湿温暑湿，湿疮瘙痒。,6~15g。外用适量，煎汤熏洗。,
374,茯苓,甘、淡，平,归心、肺、脾、肾经。,利水渗湿，健脾，宁心,用于水肿尿少，痰饮眩悸，脾虚食少，便溏泄泻，心神不安，惊悸失眠。,10~15g。,
375,茯苓皮,甘、淡，平,归肺、脾、肾经。,利水消肿,用于水肿，小便不利。,15~30g。,
376,茺蔚子,辛、苦，微寒,归心包、肝经。,活血调经，清肝明目,用于月经不调，经闭痛经，目赤翳障，头晕胀痛。,5~10g。,瞳孔散大者慎用。
377,胡芦巴,苦，温,归肾经。,温肾助阳，祛寒止痛,用于肾阳不足，下元虚冷，小腹冷痛，寒疝腹痛，寒湿脚气。,5~10g。,
378,胡黄连,苦，寒,归肝、胃、大肠经。,退虚热，除疳热，清湿热,用于骨蒸潮热，小儿疳热，湿热泻痢，黄疸尿赤，痔疮肿痛。,3~10g。,
379,胡椒,辛，热,归胃、大肠经。,温中散寒，下气，消痰,用于胃寒呕吐，腹痛泄泻，食欲不振，癫痫痰多。,0.6~1.5g，研粉吞服。外用适量。,
380,荔枝核,甘、微苦，温,归肝、肾经。,行气散结，祛寒止痛,用于寒疝腹痛，睾丸肿痛。,5~10g。,
381,南五味子,酸、甘，温,归肺、心、肾经。,收敛固涩，益气生津，补肾宁心,用于久嗽虚喘，梦遗滑精，遗尿尿频，久泻不止，自汗盗汗，津伤口渴，内热消渴，心悸失眠。,2~6g。,
382,南沙参,甘，微寒,归肺、胃经。,养阴清肺，益胃生津，化痰，益气,用于肺热燥咳，阴虚劳嗽，干咳痰黏，胃阴不足，食少呕吐，气阴不足，烦热口干。,9~15g。,不宜与藜芦同用。
383,南板蓝根,苦，寒,归心、胃经。,清热解毒，凉血消斑,用于温疫时毒，发热咽痛，温毒发斑，丹毒。,9~15g。,
384,南鹤虱,苦、辛，平；有小毒,归脾、胃经。,杀虫消积,用于蛔虫病，蛲虫病，绦虫病，虫积腹痛，小儿疳积。,3~9g。,
385,枳壳,苦、辛、酸，微寒,归脾、胃经。,理气宽中，行滞消胀,用于胸胁气滞，胀满疼痛，食积不化，痰饮内停，脏器下垂。,3~10g。,孕妇慎用。
386,枳实,苦、辛、酸，微寒,归脾、胃经。,破气消积，化痰散痞,用于积滞内停，痞满胀痛，泻痢后重，大便不通，痰滞气阻，胸痹，结胸，脏器下垂。,3~10g。,孕妇慎用。
387,柏子仁,甘，平,归心、肾、大肠经。,养心安神，润肠通便，止汗,用于阴血不足，虚烦失眠，心悸怔忡，肠燥便秘，阴虚盗汗。,3~10g。,
388,栀子,苦，寒,归心、肺、三焦经。,泻火除烦，清热利湿，凉血解毒；外用消肿止痛,用于热病心烦，湿热黄疸，淋证涩痛，血热吐衄，目赤肿痛，火毒疮疡；外治扭挫伤痛。,6~10g。外用生品适量，研末调敷。,
389,焦栀子,苦，寒,归心、肺、三焦经。,凉血止血,用于血热吐血，衄血，尿血，崩漏。,6~9g。,
390,枸杞子,甘，平,归肝、肾经。,滋补肝肾，益精明目,用于虚劳精亏，腰膝酸痛，眩晕耳鸣，阳萎遗精，内热消渴，血虚萎黄，目昏不明。,6~12g。,
391,枸骨叶,苦，凉,归肝、肾经。,清热养阴，益肾，平肝,用于肺痨咯血，骨蒸潮热，头晕目眩。,9~15g。,
392,柿蒂,苦、涩，平,归胃经。,降逆止呃,用于呃逆。,5~10g。,
393,威灵仙,辛、咸，温,归膀胱经。,祛风湿，通经络,用于风湿痹痛，肢体麻木，筋脉拘挛，屈伸不利。,6~10g。,
394,厚朴,苦、辛，温,归脾、胃、肺、大肠经。,燥湿消痰，下气除满,用于湿滞伤中，脘痞吐泻，食积气滞，腹胀便秘，痰饮喘咳。,3~10g。,
395,厚朴花,苦，微温,归脾、胃经。,芳香化湿，理气宽中,用于脾胃湿阻气滞，胸脘痞闷胀满，纳谷不香。,3~9g。,
396,砂仁,辛，温,归脾、胃、肾经。,化湿开胃，温脾止泻，理气安胎,用于湿浊中阻，脘痞不饥，脾胃虚寒，呕吐泄泻，妊娠恶阻，胎动不安。,3~6g，后下。,
397,牵牛子,苦、寒；有毒,归肺、肾、大肠经。,泻水通便，消痰涤饮，杀虫攻积,用于水肿胀满，二便不通，痰饮积聚，气逆喘咳，虫积腹痛。,3~6g。入丸散服，每次1.5~3g。,孕妇禁用；不宜与巴豆、巴豆霜同用。
398,轻粉,辛，寒；有毒,归大肠、小肠经。,外用杀虫，攻毒，敛疮；内服祛痰消积，逐水通便,外治用于疥疮，顽癣，臁疮，梅毒，疮疡，湿疹；内服用于痰涎积滞，水肿臌胀，二便不利。,外用适量，研末掺敷患处。内服每次0.1~0.2g，一日1~2次，多入丸剂或装胶囊服，服后漱口。,本品有毒，不可过量；内服慎用；孕妇禁服。
399,鸦胆子,苦，寒；有小毒,归大肠、肝经。,清热解毒，截疟，止痢；外用腐蚀赘疣,用于痢疾，疟疾；外治赘疣，鸡眼。,0.5~2g，用龙眼肉包裹或装入胶囊吞服。外用适量。,
400,韭菜子,辛、甘，温,归肝、肾经。,温补肝肾，壮阳固精,用于肝肾亏虚，腰膝酸痛，阳痿遗精，遗尿尿频，白浊带下。,3~9g。,
401,哈蟆油,甘、咸，平,归肺、肾经。,补肾益精，养阴润肺,用于病后体弱，神疲乏力，心悸失眠，盗汗，痨嗽咳血。,5~15g，用水浸泡，炖服，或作丸剂服。,
402,骨碎补,苦，温,归肝、肾经。,疗伤止痛，补肾强骨；外用消风祛斑,用于跌扑闪挫，筋骨折伤，肾虚腰痛，筋骨痿软，耳鸣耳聋，牙齿松动；外治斑秃，白癜风。,3~9g。,
403,钟乳石,甘，温,归肺、肾、胃经。,温肺，助阳，平喘，制酸，通乳,用于寒痰咳喘，阳虚冷喘，腰膝冷痛，胃痛泛酸，乳汁不通。,3~9g，先煎。,
404,钩藤,甘，凉,归肝、心包经。,息风定惊，清热平肝,用于肝风内动，惊痫抽搐，高热惊厥，感冒夹惊，小儿惊啼，妊娠子痫，头痛眩晕。,3~12g，后下。,
405,香加皮,辛、苦，温；有毒,归肝、肾、心经。,利水消肿，祛风湿，强筋骨,用于下肢浮肿，心悸气短，风寒湿痹，腰膝酸软。,3~6g。,不宜过量服用。
406,香附,辛、微苦、微甘，平,归肝、脾、三焦经。,疏肝解郁，理气宽中，调经止痛,用于肝郁气滞，胸胁胀痛，疝气疼痛，乳房胀痛，脾胃气滞，脘腹痞闷，胀满疼痛，月经不调，经闭痛经。,6~10g。,
407,香橼,辛、苦、酸，温,归肝、脾、肺经。,疏肝理气，宽中，化痰,用于肝胃气滞，胸胁胀痛，脘腹痞满，呕吐噫气，痰多咳嗽。,3~10g。,
408,香薷,辛，微温,归肺、胃经。,发汗解表，化湿和中,用于暑湿感冒，恶寒发热，头痛无汗，腹痛吐泻，水肿，小便不利。,3~10g。,
409,重楼,苦，微寒；有小毒,归肝经。,清热解毒，消肿止痛，凉肝定惊,用于疔疮痈肿，咽喉肿痛，蛇虫咬伤，跌扑伤痛，惊风抽搐。,3~9g。外用适量，研末调敷。,
410,禹州漏芦,苦，寒,归胃经。,清热解毒，消痈，下乳，舒筋通脉,用于乳痈肿痛，痈疽发背，瘰疬疮毒，乳汁不通，湿痹拘挛。,5~10g。,孕妇慎用。
411,禹余粮,甘、涩，微寒,归胃、大肠经。,涩肠止泻，收敛止血,用于久泻久痢，大便出血，崩漏带下。,9~15g，先煎；或入丸散。,孕妇慎用。
412,胆南星,苦、微辛，凉,归肺、肝、脾经。,清热化痰，息风定惊,用于痰热咳嗽，咯痰黄稠，中风痰迷，癫狂惊痫。,3~6g。,
413,胖大海,甘，寒,归肺、大肠经。,清热润肺，利咽开音，润肠通便,用于肺热声哑，干咳无痰，咽喉干痛，热结便闭，头痛目赤。,2~3枚，沸水泡服或煎服。,
414,独一味,甘、苦，平,归肝经。,活血止血，祛风止痛,用于跌打损伤，外伤出血，风湿痹痛，黄水病。,2~3g。,
415,独活,辛、苦，微温,归肾、膀胱经。,祛风除湿，通痹止痛,用于风寒湿痹，腰膝疼痛，少阴伏风头痛，风寒挟湿头痛。,3~10g。,
416,急性子,微苦、辛，温；有小毒,归肺、肝经。,破血，软坚，消积,用于癥瘕痞块，经闭，噎膈。,3~5g。,孕妇慎用。
417,姜黄,辛、苦，温,归脾、肝经。,破血行气，通经止痛,用于胸胁刺痛，胸痹心痛，痛经经闭，癥瘕，风湿肩臂疼痛，跌扑肿痛。,3~10g。外用适量。,
418,前胡,苦、辛，微寒,归肺经。,降气化痰，散风清热,用于痰热喘满，咯痰黄稠，风热咳嗽痰多。,3~10g。,
419,首乌藤,甘，平,归心、肝经。,养血安神，祛风通络,用于失眠多梦，血虚身痛，风湿痹痛，皮肤瘙痒。,9~15g。外用适量，煎水洗患处。,
420,洪连,苦、甘，寒,归肺、心、肝经。,清热，解毒，利湿，平肝，行血，调经,用于发热烦渴，肺热咳嗽，头痛眩晕，湿热黄疸，月经不调，药食中毒。,1~6g。,
421,洋金花,辛，温；有毒,归肺、肝经。,平喘止咳，解痉定痛,用于哮喘咳嗽，脘腹冷痛，风湿痹痛，小儿慢惊；外科麻醉。,0.3~0.6g，宜入丸散；亦可作卷烟分次燃吸（一日量不超过1.5g）。外用适量。,孕妇、外感及痰热咳喘、青光眼、高血压及心动过速患者禁用。
422,穿山龙,甘、苦，温,归肝、肾、肺经。,祛风除湿，舒筋通络，活血止痛，止咳平喘,用于风湿痹病，关节肿胀，疼痛麻木，跌扑损伤，闪腰岔气，咳嗽气喘。,9~15g；也可制成酒剂用。,粉碎加工时，注意防护，以免发生过敏反应。
423,穿心莲,苦，寒,归心、肺、大肠、膀胱经。,清热解毒，凉血，消肿,用于感冒发热，咽喉肿痛，口舌生疮，顿咳劳嗽，泄泻痢疾，热淋涩痛，痈肿疮疡，蛇虫咬伤。,6~9g。外用适量。,
424,络石藤,苦，微寒,归心、肝、肾经。,祛风通络，凉血消肿,用于风湿热痹，筋脉拘挛，腰膝酸痛，喉痹，痈肿，跌扑损伤。,6~12g。,
425,秦艽,辛、苦，平,归胃、肝、胆经。,祛风湿，清湿热，止痹痛，退虚热,用于风湿痹痛，中风半身不遂，筋脉拘挛，骨节酸痛，湿热黄疸，骨蒸潮热，小儿疳积发热。,3~10g。,
426,秦皮,苦、涩，寒,归肝、胆、大肠经。,清热燥湿，收涩止痢，止带，明目,用于湿热泻痢，赤白带下，目赤肿痛，目生翳膜。,6~12g。外用适量，煎洗患处。,
427,珠子参,苦、甘，微寒,归肝、肺、胃经。,补肺养阴，祛瘀止痛，止血,用于气阴两虚，烦热口渴，虚劳咳嗽，跌扑损伤，关节痹痛，咳血，吐血，衄血，崩漏，外伤出血。,3~9g。外用适量，研末敷患处。,
428,莱菔子,辛、甘，平,归肺、脾、胃经。,消食除胀，降气化痰,用于饮食停滞，脘腹胀痛，大便秘结，积滞泻痢，痰壅喘咳。,5~12g。,
429,莲子,甘、涩，平,归脾、肾、心经。,补脾止泻，止带，益肾涩精，养心安神,用于脾虚泄泻，带下，遗精，心悸失眠。,6~15g。,
430,莲子心,苦，寒,归心、肾经。,清心安神，交通心肾，涩精止血,用于热入心包，神昏谵语，心肾不交，失眠遗精，血热吐血。,2~5g。,
431,莲房,苦、涩，温,归肝经。,化瘀止血,用于崩漏，尿血，痔疮出血，产后瘀阻，恶露不尽。,5~10g。,
432,莲须,甘、涩，平,归心、肾经。,固肾涩精,用于遗精滑精，带下，尿频。,3~5g。,
433,莪术,辛、苦，温,归肝、脾经。,行气破血，消积止痛,用于癥瘕痞块，瘀血经闭，胸痹心痛，食积胀痛。,6~9g。,孕妇禁用。
434,荷叶,苦，平,归肝、脾、胃经。,清暑化湿，升发清阳，凉血止血,用于暑热烦渴，暑湿泄泻，脾虚泄泻，血热吐衄，便血崩漏。荷叶炭收涩化瘀止血。用于出血症和产后血晕。,3~10g；荷叶炭3~6g。,
435,桂枝,辛、甘，温,归心、肺、膀胱经。,发汗解肌，温通经脉，助阳化气，平冲降气,用于风寒感冒，脘腹冷痛，血寒经闭，关节痹痛，痰饮，水肿，心悸，奔豚。,3~10g。,孕妇慎用。
436,桔梗,苦、辛，平,归肺经。,宣肺，利咽，祛痰，排脓,用于咳嗽痰多，胸闷不畅，咽痛音哑，肺痈吐脓。,3~10g。,
437,桃仁,苦、甘，平,归心、肝、大肠经。,活血祛瘀，润肠通便，止咳平喘,用于经闭痛经，癥瘕痞块，肺痈肠痈，跌扑损伤，肠燥便秘，咳嗽气喘。,5~10g。,孕妇慎用。
438,桃枝,苦，平,归心、肝经。,活血通络，解毒杀虫,用于心腹刺痛，风湿痹痛，跌打损伤，疮癣。,9~15g。外用适量，煎汤洗浴。,
439,核桃仁,甘，温,归肾、肺、大肠经。,补肾，温肺，润肠,用于肾阳不足，腰膝酸软，阳痿遗精，虚寒喘嗽，肠燥便秘。,6~9g。,
440,夏天无,苦、微辛，温,归肝经。,活血止痛，舒筋活络，祛风除湿,用于中风偏瘫，头痛，跌扑损伤，风湿痹痛，腰腿疼痛。,6~12g，研末分3次服。,
441,夏枯草,辛、苦，寒,归肝、胆经。,清肝泻火，明目，散结消肿,用于目赤肿痛，目珠夜痛，头痛眩晕，瘰疬，瘿瘤，乳痈，乳癖，乳房胀痛。,9~15g。,
442,柴胡,辛、苦，微寒,归肝、胆、肺经。,疏散退热，疏肝解郁，升举阳气,用于感冒发热，寒热往来，胸胁胀痛，月经不调，子宫脱垂，脱肛。,3~10g。,大叶柴胡Bupleurum longiradiatum Turcz.的干燥根茎，表面密生环节，有毒，不可当柴胡用。
443,党参,甘，平,归脾、肺经。,健脾益肺，养血生津,用于脾肺气虚，食少倦怠，咳嗽虚喘，气血不足，面色萎黄，心悸气短，津伤口渴，内热消渴。,9~30g。,不宜与藜芦同用。
444,鸭跖草,甘、淡，寒,归肺、胃、小肠经。,清热泻火，解毒，利水消肿,用于感冒发热，热病烦渴，咽喉肿痛，水肿尿少，热淋涩痛，痈肿疔毒。,15~30g。外用适量。,
445,铁皮石斛,甘，微寒,归胃、肾经。,益胃生津，滋阴清热,用于热病津伤，口干烦渴，胃阴不足，食少干呕，病后虚热不退，阴虚火旺，骨蒸劳热，目暗不明，筋骨痿软。,6~12g。,
446,积雪草,苦、辛，寒,归肝、脾、肾经。,清热利湿，解毒消肿,用于湿热黄疸，中暑腹泻，石淋血淋，痈肿疮毒，跌扑损伤。,15~30g。,
447,臭灵丹草,辛、苦，寒；有毒,归肺经。,清热解毒，止咳祛痰,用于风热感冒，咽喉肿痛，肺热咳嗽。,9~15g。,
448,射干,苦，寒,归肺经。,清热解毒，消痰，利咽,用于热毒痰火郁结，咽喉肿痛，痰涎壅盛，咳嗽气喘。,3~10g。,
449,徐长卿,辛，温,归肝、胃经。,祛风，化湿，止痛，止痒,用于风湿痹痛，胃痛胀满，牙痛，腰痛，跌扑伤痛，风疹、湿疹。,3~12g，后下。,
450,狼毒,辛，平；有毒,归肝、脾经。,散结，杀虫,外用于淋巴结结核、皮癣；灭蛆。,熬膏外敷。,不宜与密陀僧同用。
451,凌霄花,甘、酸，寒,归肝、心包经。,活血通经，凉血祛风,用于月经不调，经闭癥瘕，产后乳肿，风疹发红，皮肤瘙痒，痤疮。,5~9g。,孕妇慎用。
452,高山辣根菜,苦、辛，寒,归肺、肝经。,清热解毒，清肺止咳，止血，消肿,用于温病发热，肺热咳嗽，咯血，创伤出血，四肢浮肿。,3~6g；或入丸、散。外用适量，研末敷。,
453,高良姜,辛，热,归脾、胃经。,温胃止呕，散寒止痛,用于脘腹冷痛，胃寒呕吐，嗳气吞酸。,3~6g。,
454,拳参,苦、涩，微寒,归肺、肝、大肠经。,清热解毒，消肿，止血,用于赤痢热泻，肺热咳嗽，痈肿瘰疬，口舌生疮，血热吐衄，痔疮出血，蛇虫咬伤。,5~10g。外用适量。,
455,粉萆薢,苦，平,归肾、胃经。,利湿去浊，祛风除痹,用于膏淋，白浊，白带过多，风湿痹痛，关节不利，腰膝疼痛。,9~15g。,
456,粉葛,甘、辛，凉,归脾、胃经。,解肌退热，生津止渴，透疹，升阳止泻，通经活络，解酒毒,用于外感发热头痛，项背强痛，口渴，消渴，麻疹不透，热痢，泄泻，眩晕头痛，中风偏瘫，胸痹心痛，酒毒伤中。,10~15g。,
457,益母草,苦、辛，微寒,归肝、心包、膀胱经。,活血调经，利尿消肿，清热解毒,用于月经不调，痛经经闭，恶露不尽，水肿尿少，疮疡肿毒。,9~30g；鲜品12~40g。,孕妇慎用。
458,益智,辛，温,归脾、肾经。,暖肾固精缩尿，温脾止泻摄唾,用于肾虚遗尿，小便频数，遗精白浊，脾寒泄泻，腹中冷痛，口多唾涎。,3~10g。,
459,浙贝母,苦，寒,归肺、心经。,清热化痰止咳，解毒散结消痈,用于风热咳嗽，痰火咳嗽，肺痈，乳痈，瘰疬，疮毒。,5~10g。,不宜与川乌、制川乌、草乌、制草乌、附子同用。
460,娑罗子,甘，温,归肝、胃经。,疏肝理气，和胃止痛,用于肝胃气滞，胸腹胀闷，胃脘疼痛。,3~9g。,
461,海马,甘、咸，温,归肝、肾经。,温肾壮阳，散结消肿,用于阳痿，遗尿，肾虚作喘，癥瘕积聚，跌扑损伤；外治痈肿疔疮。,3~9g。外用适量，研末敷患处。,
462,海风藤,辛、苦，微温,归肝经。,祛风湿，通经络，止痹痛,用于风寒湿痹，肢节疼痛，筋脉拘挛，屈伸不利。,6~12g。,
463,海龙,甘、咸，温,归肝、肾经。,温肾壮阳，散结消肿,用于肾阳不足，阳痿遗精，癥瘕积聚，瘰疬痰核，跌扑损伤；外治痈肿疔疮。,3~9g。外用适量，研末敷患处。,
464,海金沙,甘、咸，寒,归膀胱、小肠经。,清利湿热，通淋止痛,用于热淋，石淋，血淋，膏淋，尿道涩痛。,6~15g，包煎。,
465,海螵蛸,咸、涩，温,归脾、肾经。,收敛止血，涩精止带，制酸止痛，收湿敛疮,用于吐血衄血，崩漏便血，遗精滑精，赤白带下，胃痛吞酸；外治损伤出血，湿疹湿疮，溃疡不敛。,5~10g。外用适量，研末敷患处。,
466,海藻,苦、咸，寒,归肝、胃、肾经。,消痰软坚散结，利水消肿,用于瘿瘤，瘰疬，睾丸肿痛，痰饮水肿。,6~12g。,不宜与甘草同用。
467,浮萍,辛，寒,归肺经。,宣散风热，透疹，利尿,用于麻疹不透，风疹瘙痒，水肿尿少。,3~9g。外用适量，煎汤浸洗。,
468,通关藤,苦，微寒,归肺经。,止咳平喘，祛痰，通乳，清热解毒,用于喘咳痰多，产后乳汁不通，风湿肿痛，疮痈。,20~30g。外用适量。,
469,通草,甘、淡，微寒,归肺、胃经。,清热利尿，通气下乳,用于湿热淋证，水肿尿少，乳汁不下。,3~5g。,孕妇慎用。
470,预知子,苦，寒,归肝、胆、胃、膀胱经。,疏肝理气，活血止痛，散结，利尿,用于脘胁胀痛，痛经经闭，痰核痞块，小便不利。,3~9g。,
471,桑叶,甘、苦，寒,归肺、肝经。,疏散风热，清肺润燥，清肝明目,用于风热感冒，肺热燥咳，头晕头痛，目赤昏花。,5~10g。,
472,桑白皮,甘，寒,归肺经。,泻肺平喘，利水消肿,用于肺热喘咳，水肿胀满尿少，面目肌肤浮肿。,6~12g。,
473,桑枝,微苦，平,归肝经。,祛风湿，利关节,用于风湿痹病，肩臂、关节酸痛麻木。,9~15g。,
474,桑寄生,苦、甘，平,归肝、肾经。,祛风湿，补肝肾，强筋骨，安胎元,用于风湿痹痛，腰膝酸软，筋骨无力，崩漏经多，妊娠漏血，胎动不安，头晕目眩。,9~15g。,
475,桑椹,甘、酸，寒,归心、肝、肾经。,滋阴补血，生津润燥,用于肝肾阴虚，眩晕耳鸣，心悸失眠，须发早白，津伤口渴，内热消渴，肠燥便秘。,9~15g。,
476,桑螵蛸,甘、咸，平,归肝、肾经。,固精缩尿，补肾助阳,用于遗精滑精，遗尿尿频，小便白浊。,5~10g。,
477,黄山药,苦、微辛，平,归胃、心经。,理气止痛，解毒消肿,用于胃痛，吐泻腹痛，跌打损伤；外治疮痈肿毒，瘰疬痰核。,15~30g。外用适量，捣烂敷患处。,
478,黄芩,苦，寒,归肺、胆、脾、大肠、小肠经。,清热燥湿，泻火解毒，止血，安胎,用于湿温、暑湿，胸闷呕恶，湿热痞满，泻痢，黄疸，肺热咳嗽，高热烦渴，血热吐衄，痈肿疮毒，胎动不安。,3~10g。,
479,黄芪,甘，微温,归肺、脾经。,补气升阳，固表止汗，利水消肿，生津养血，行滞通痹，托毒排脓，敛疮生肌,用于气虚乏力，食少便溏，中气下陷，久泻脱肛，便血崩漏，表虚自汗，气虚水肿，内热消渴，血虚萎黄，半身不遂，痹痛麻木，痈疽难溃，久溃不敛。,9~30g。,
480,炙黄芪,甘，温,归肺、脾经。,益气补中,用于气虚乏力，食少便溏。,9~30g。,
481,黄连,苦，寒,归心、脾、胃、肝、胆、大肠经。,清热燥湿，泻火解毒,用于湿热痞满，呕吐吞酸，泻痢，黄疸，高热神昏，心火亢盛，心烦不寐，心悸不宁，血热吐衄，目赤，牙痛，消渴，痈肿疔疮；外治湿疹，湿疮，耳道流脓。酒黄连善清上焦火热。用于目赤，口疮。姜黄连清胃和胃止呕。用于寒热互结，湿热中阻，痞满呕吐。萸黄连舒肝和胃止呕。用于肝胃不和，呕吐吞酸。,2~5g。外用适量。,
482,黄柏,苦，寒,归肾、膀胱经。,清热燥湿，泻火除蒸，解毒疗疮,用于湿热泻痢，黄疸尿赤，带下阴痒，热淋涩痛，脚气痿躄，骨蒸劳热，盗汗，遗精，疮疡肿毒，湿疹湿疮。盐黄柏滋阴降火。用于阴虚火旺，盗汗骨蒸。,3~12g。外用适量。,
483,黄蜀葵花,甘、寒,归肾、膀胱经。,清利湿热，消肿解毒,用于湿热壅遏，淋浊水肿；外治痈疽肿毒，水火烫伤。,10~30g；研末内服，3~5g。外用适量，研末调敷。,
484,黄精,甘，平,归脾、肺、肾经。,补气养阴，健脾，润肺，益肾,用于脾胃气虚，体倦乏力，胃阴不足，口干食少，肺虚燥咳，劳嗽咳血，精血不足，腰膝酸软，须发早白，内热消渴。,9~15g。,
485,黄藤,苦，寒,归心、肝经。,清热解毒，泻火通便,用于热毒内盛，便秘，泻痢，咽喉肿痛，目赤红肿，痈肿疮毒。,30~60g。外用适量。,
486,菥蓂,辛，微寒,归肝、胃、大肠经。,清肝明目，和中利湿，解毒消肿,用于目赤肿痛，脘腹胀痛，胁痛，肠痈，水肿，带下，疮疖痈肿。,9~15g。,
487,菝葜,甘、微苦、涩，平,归肝、肾经。,利湿去浊，祛风除痹，解毒散瘀,用于小便淋浊，带下量多，风湿痹痛，疔疮痈肿。,10~15g。,
488,菟丝子,辛、甘，平,归肝、肾、脾经。,补益肝肾，固精缩尿，安胎，明目，止泻；外用消风祛斑,用于肝肾不足，腰膝酸软，阳痿遗精，遗尿尿频，肾虚胎漏，胎动不安，目昏耳鸣，脾肾虚泻；外治白癜风。,6~12g。外用适量。,
489,菊苣,微苦、咸，凉,归肝、胆、胃经。,清肝利胆，健胃消食，利尿消肿,用于湿热黄疸，胃痛食少，水肿尿少。,9~18g。,
490,菊花,甘、苦，微寒,归肺、肝经。,散风清热，平肝明目，清热解毒,用于风热感冒，头痛眩晕，目赤肿痛，眼目昏花，疮痈肿毒。,5~10g。,
491,梅花,微酸，平,归肝、胃、肺经。,疏肝和中，化痰散结,用于肝胃气痛，郁闷心烦，梅核气，瘰疬疮毒。,3~5g。,
492,救必应,苦，寒,归肺、胃、大肠、肝经。,清热解毒，利湿止痛,用于暑湿发热，咽喉肿痛，湿热泻痢，脘腹胀痛，风湿痹痛，湿疹，疮疖，跌打损伤。,9~30g。外用适量，煎浓汤涂敷患处。,
493,常山,苦、辛，寒；有毒,归肺、肝、心经。,涌吐痰涎，截疟,用于痰饮停聚，胸膈痞塞，疟疾。,5~9g。,有催吐副作用，用量不宜过大；孕妇慎用。
494,野马追,苦，平,归肺经。,化痰止咳平喘,用于痰多咳嗽气喘。,30~60g。,
495,野木瓜,微苦，平,归肝、胃经。,祛风止痛，舒筋活络,用于风湿痹痛，腰腿疼痛，头痛，牙痛，痛经，跌打伤痛。,9~15g。,
496,野菊花,苦、辛，微寒,归肝、心经。,清热解毒，泻火平肝,用于疔疮痈肿，目赤肿痛，头痛眩晕。,9~15g。外用适量，煎汤外洗或制膏外涂。,
497,蛇床子,辛、苦，温；有小毒,归肾经。,燥湿祛风，杀虫止痒，温肾壮阳,用于阴痒带下，湿疹瘙痒，湿痹腰痛，肾虚阳痿，宫冷不孕。,3~10g。外用适量，多煎汤熏洗，或研末调敷。,
498,蛇蜕,咸、甘，平,归肝经。,祛风，定惊，退翳，解毒,用于小儿惊风，抽搐痉挛，翳障，喉痹，疔肿，皮肤瘙痒。,2~3g；研末吞服0.3~0.6g。,
499,银杏叶,甘、苦、涩，平,归心、肺经。,活血化瘀，通络止痛，敛肺平喘，化浊降脂,用于瘀血阻络，胸痹心痛，中风偏瘫，肺虚咳喘，高脂血症。,9~12g。,有实邪者忌用。
500,银柴胡,甘，微寒,归肝、胃经。,清虚热，除疳热,用于阴虚发热，骨蒸劳热，小儿疳热。,3~10g。,
501,甜瓜子,甘，寒,归肺、胃、大肠经。,清肺，润肠，化瘀，排脓，疗伤止痛,用于肺热咳嗽，便秘，肺痈，肠痈，跌打损伤，筋骨折伤。,9~30g。,
502,猪牙皂,辛、咸，温；有小毒,归肺、大肠经。,祛痰开窍，散结消肿,用于中风口噤，昏迷不醒，癫痫痰盛，关窍不通，喉痹痰阻，顽痰喘咳，咯痰不爽，大便燥结；外治痈肿。,1~1.5g，多入丸散用。外用适量，研末吹鼻取嚏或研末调敷患处。,孕妇及咯血、吐血患者禁用。
503,猪苓,甘、淡，平,归肾、膀胱经。,利水渗湿,用于小便不利，水肿，泄泻，淋浊，带下。,6~12g。,
504,猪胆粉,苦，寒,归肝、胆、肺、大肠经。,清热润燥，止咳平喘，解毒,用于顿咳，哮喘，热病燥渴，目赤，喉痹，黄疸，泄泻，痢疾，便秘，痈疮肿毒。,0.3~0.6g，冲服或入丸散。外用适量，研末或水调涂敷患处。,
505,猫爪草,甘、辛，温,归肝、肺经。,化痰散结，解毒消肿,用于瘰疬痰核，疔疮肿毒，蛇虫咬伤。,15~30g，单味药可用至120g。,
506,麻黄,辛、微苦，温,归肺、膀胱经。,发汗散寒，宣肺平喘，利水消肿,用于风寒感冒，胸闷喘咳，风水浮肿。蜜麻黄润肺止咳。多用于表证已解，气喘咳嗽。,2~10g。,
507,麻黄根,甘、涩，平,归心、肺经。,固表止汗,用于自汗，盗汗。,3~9g。外用适量，研粉撒扑。,
508,鹿角,咸，温,归肾、肝经。,温肾阳，强筋骨，行血消肿,用于肾阳不足，阳痿遗精，腰脊冷痛，阴疽疮疡，乳痈初起，瘀血肿痛。,6~15g。,
509,鹿角胶,甘、咸，温,归肾、肝经。,温补肝肾，益精养血,用于肝肾不足所致的腰膝酸冷，阳痿遗精，虚劳羸瘦，崩漏下血，便血尿血，阴疽肿痛。,3~6g，烊化兑服。,
510,鹿角霜,咸、涩，温,归肝、肾经。,温肾助阳，收敛止血,用于脾肾阳虚，白带过多，遗尿尿频，崩漏下血，疮疡不敛。,9~15g，先煎。,
511,鹿茸,甘、咸，温,归肾、肝经。,壮肾阳，益精血，强筋骨，调冲任，托疮毒,用于肾阳不足，精血亏虚，阳痿滑精，宫冷不孕，羸瘦，神疲，畏寒，眩晕，耳鸣，耳聋，腰脊冷痛，筋骨痿软，崩漏带下，阴疽不敛。,1~2g，研末冲服。,
512,鹿衔草,甘、苦，温,归肝、肾经。,祛风湿，强筋骨，止血，止咳,用于风湿痹痛，肾虚腰痛，腰膝无力，月经过多，久咳劳嗽。,9~15g。,
513,商陆,苦，寒；有毒,归肺、脾、肾、大肠经。,逐水消肿，通利二便；外用解毒散结,用于水肿胀满，二便不通；外治痈肿疮毒。,3~9g。外用适量，煎汤熏洗。,孕妇禁用。
514,旋覆花,苦、辛、咸，微温,归肺、脾、胃、大肠经。,降气，消痰，行水，止呕,用于风寒咳嗽，痰饮蓄结，胸膈痞闷，喘咳痰多，呕吐噫气，心下痞硬。,3~9g，包煎。,
515,羚羊角,咸，寒,归肝、心经。,平肝息风，清肝明目，散血解毒,用于肝风内动，惊痫抽搐，妊娠子痫，高热痉厥，癫痫发狂，头痛眩晕，目赤翳障，温毒发斑，痈肿疮毒。,1~3g，宜另煎2小时以上；磨汁或研粉服，每次0.3~0.6g。,
516,断血流,微苦、涩，凉,归肝经。,收敛止血,用于崩漏，尿血，鼻衄，牙龈出血，创伤出血。,9~15g。外用适量，研末敷患处。,
517,淫羊藿,辛、甘，温,归肝、肾经。,补肾阳，强筋骨，祛风湿,用于肾阳虚衰，阳痿遗精，筋骨痿软，风湿痹痛，麻木拘挛。,6~10g。,
518,淡竹叶,甘、淡，寒,归心、胃、小肠经。,清热泻火，除烦止渴，利尿通淋,用于热病烦渴，小便短赤涩痛，口舌生疮。,6~10g。,
519,淡豆豉,苦、辛，凉,归肺、胃经。,解表，除烦，宣发郁热,用于感冒，寒热头痛，烦躁胸闷，虚烦不眠。,6~12g。,
520,密蒙花,甘，微寒,归肝经。,清热泻火，养肝明目，退翳,用于目赤肿痛，多泪羞明，目生翳膜，肝虚目暗，视物昏花。,3~9g。,
521,续断,苦、辛，微温,归肝、肾经。,补肝肾，强筋骨，续折伤，止崩漏,用于肝肾不足，腰膝酸软，风湿痹痛，跌扑损伤，筋伤骨折，崩漏，胎漏。酒续断多用于风湿痹痛，跌扑损伤，筋伤骨折。盐续断多用于腰膝酸软。,9~15g。,
522,绵马贯众,苦，微寒；有小毒,归肝、胃经。,清热解毒，驱虫,用于虫积腹痛，疮疡。,4.5~9g。,
523,绵马贯众炭,苦、涩，微寒；有小毒,归肝、胃经。,收涩止血,用于崩漏下血。,5~10g。,
524,绵萆薢,苦，平,归肾、胃经。,利湿去浊，祛风除痹,用于膏淋，白浊，白带过多，风湿痹痛，关节不利，腰膝疼痛。,9~15g。,
525,斑蝥,辛，热；有大毒,归肝、胃、肾经。,破血逐瘀，散结消癥，攻毒蚀疮,用于癥瘕，经闭，顽癣，瘰疬，赘疣，痈疽不溃，恶疮死肌。,0.03~0.06g，炮制后多入丸散用。外用适量，研末或浸酒醋，或制油膏涂敷患处，不宜大面积用。,本品有大毒，内服慎用；孕妇禁用。
526,款冬花,辛、微苦，温,归肺经。,润肺下气，止咳化痰,用于新久咳嗽，喘咳痰多，劳嗽咳血。,5~10g。,
527,葛根,甘、辛，凉,归脾、胃、肺经。,解肌退热，生津止渴，透疹，升阳止泻，通经活络，解酒毒,用于外感发热头痛，项背强痛，口渴，消渴，麻疹不透，热痢，泄泻，眩晕头痛，中风偏瘫，胸痹心痛，酒毒伤中。,10~15g。,
528,葶苈子,辛、苦，大寒,归肺、膀胱经。,泻肺平喘，行水消肿,用于痰涎壅肺，喘咳痰多，胸胁胀满，不得平卧，胸腹水肿，小便不利。,3~10g，包煎。,
529,萹蓄,苦，微寒,归膀胱经。,利尿通淋，杀虫，止痒,用于热淋涩痛，小便短赤，虫积腹痛，皮肤湿疹，阴痒带下。,9~15g。外用适量，煎洗患处。,
530,楮实子,甘，寒,归肝、肾经。,补肾清肝，明目，利尿,用于肝肾不足，腰膝酸软，虚劳骨蒸，头晕目昏，目生翳膜，水肿胀满。,6~12g。,
531,棕榈,苦、涩，平,归肺、肝、大肠经。,收敛止血,用于吐血，衄血，尿血，便血，崩漏。,3~9g，一般炮制后用。,
532,硫黄,酸，温；有毒,归肾、大肠经。,外用解毒杀虫疗疮；内服补火助阳通便,外治用于疥癣，秃疮，阴疽恶疮；内服用于阳痿足冷，虚喘冷哮，虚寒便秘。,外用适量，研末油调涂敷患处。内服1.5~3g，炮制后入丸散服。,孕妇慎用。不宜与芒硝、玄明粉同用。
533,雄黄,辛，温；有毒,归肝、大肠经。,解毒杀虫，燥湿祛痰，截疟,用于痈肿疔疮，蛇虫咬伤，虫积腹痛，惊痫，疟疾。,0.05~0.1g，入丸散用。外用适量，熏涂患处。,内服宜慎；不可久用；孕妇禁用。
534,紫石英,甘，温,归肾、心、肺经。,温肾暖宫，镇心安神，温肺平喘,用于肾阳亏虚，宫冷不孕，惊悸不安，失眠多梦，虚寒咳喘。,9~15g，先煎。,
535,紫花地丁,苦、辛，寒,归心、肝经。,清热解毒，凉血消肿,用于疔疮肿毒，痈疽发背，丹毒，毒蛇咬伤。,15~30g。,
536,紫花前胡,苦、辛，微寒,归肺经。,降气化痰，散风清热,用于痰热喘满，咯痰黄稠，风热咳嗽痰多。,3~9g，或入丸、散。,
537,紫苏子,辛，温,归肺经。,降气化痰，止咳平喘，润肠通便,用于痰壅气逆，咳嗽气喘，肠燥便秘。,3~10g。,
538,紫苏叶,辛，温,归肺、脾经。,解表散寒，行气和胃,用于风寒感冒，咳嗽呕恶，妊娠呕吐，鱼蟹中毒。,5~10g。,
539,紫苏梗,辛，温,归肺、脾经。,理气宽中，止痛，安胎,用于胸膈痞闷，胃脘疼痛，嗳气呕吐，胎动不安。,5~10g。,
540,紫草,甘、咸，寒,归心、肝经。,清热凉血，活血解毒，透疹消斑,用于血热毒盛，斑疹紫黑，麻疹不透，疮疡，湿疹，水火烫伤。,5~10g。外用适量，熬膏或用植物油浸泡涂擦。,
541,紫珠叶,苦、涩，凉,归肝、肺、胃经。,凉血收敛止血，散瘀解毒消肿,用于衄血，咯血，吐血，便血，崩漏，外伤出血，热毒疮疡，水火烫伤。,3~15g；研末吞服1.5~3g。外用适量，敷于患处。,
542,紫萁贯众,苦、微寒；有小毒,归肺、胃、肝经。,清热解毒，止血，杀虫,用于疫毒感冒，热毒泻痢，痈疮肿毒，吐血，衄血，便血，崩漏，虫积腹痛。,5~9g。,
543,紫菀,辛、苦，温,归肺经。,润肺下气，消痰止咳,用于痰多喘咳，新久咳嗽，劳嗽咳血。,5~10g。,
544,蛤壳,苦、咸，寒,归肺、肾、胃经。,清热化痰，软坚散结，制酸止痛；外用收湿敛疮,用于痰火咳嗽，胸胁疼痛，痰中带血，瘰疬瘿瘤，胃痛吞酸；外治湿疹，烫伤。,6~15g，先煎，蛤粉包煎。外用适量，研极细粉撒布或油调后敷患处。,
545,蛤蚧,咸，平,归肺、肾经。,补肺益肾，纳气定喘，助阳益精,用于肺肾不足，虚喘气促，劳嗽咳血，阳痿，遗精。,3~6g，多入丸散或酒剂。,
546,黑芝麻,甘，平,归肝、肾、大肠经。,补肝肾，益精血，润肠燥,用于精血亏虚，头晕眼花，耳鸣耳聋，须发早白，病后脱发，肠燥便秘。,9~15g。,
547,黑豆,甘，平,归脾、肾经。,益精明目，养血祛风，利水，解毒,用于阴虚烦渴，头晕目昏，体虚多汗，肾虚腰痛，水肿尿少，痹痛拘挛，手足麻木，药食中毒。,9~30g。外用适量，煎汤洗患处。,
548,黑种草子,甘、辛，温,,补肾健脑，通经，通乳，利尿,用于耳鸣健忘，经闭乳少，热淋，石淋。,2~6g。,孕妇及热性病患者禁用。
549,锁阳,甘，温,归肝、肾、大肠经。,补肾阳，益精血，润肠通便,用于肾阳不足，精血亏虚，腰膝痿软，阳痿滑精，肠燥便秘。,5~10g。,
550,筋骨草,苦，寒,归肺经。,清热解毒，凉血消肿,用于咽喉肿痛，肺热咯血，跌打肿痛。,15~30g。外用适量，捣烂敷患处。,
551,鹅不食草,辛，温,归肺经。,发散风寒，通鼻窍，止咳,用于风寒头痛，咳嗽痰多，鼻塞不通，鼻渊流涕。,6~9g。外用适量。,
552,番泻叶,甘、苦，寒,归大肠经。,泻热行滞，通便，利水,用于热结积滞，便秘腹痛，水肿胀满。,2~6g，后下，或开水泡服。,孕妇慎用。
553,湖北贝母,微苦，凉,归肺、心经。,清热化痰，止咳，散结,用于热痰咳嗽，瘰疬痰核，痈肿疮毒。,3~9g，研粉冲服。,不宜与川乌、制川乌、草乌、制草乌、附子同用。
554,滑石,甘、淡，寒,归膀胱、肺、胃经。,利尿通淋，清热解暑；外用祛湿敛疮,用于热淋，石淋，尿热涩痛，暑湿烦渴，湿热水泻；外治湿疹，湿疮，痱子。,10~20g，先煎。外用适量。,
555,滑石粉,甘、淡，寒,归膀胱、肺、胃经。,利尿通淋，清热解暑；外用祛湿敛疮,用于热淋，石淋，尿热涩痛，暑湿烦渴，湿热水泻；外治湿疹，湿疮，痱子。,10~20g，包煎。外用适量。,
556,蓍草,苦、酸，平,归肺、脾、膀胱经。,解毒利湿，活血止痛,用于乳蛾咽痛，泄泻痢疾，肠痈腹痛，热淋涩痛，湿热带下，蛇虫咬伤。,15~45g，必要时日服二剂。,
557,蓝布正,甘、微苦，凉,归肝、脾、肺经。,益气健脾，补血养阴，润肺化痰,用于气血不足，虚痨咳嗽，脾虚带下。,9~30g。,
558,蓖麻子,甘、辛，平；有毒,归大肠、肺经。,泻下通滞，消肿拔毒,用于大便燥结，痈疽肿毒，喉痹，瘰疬。,2~5g。外用适量。,
559,蒺藜,辛、苦，微温；有小毒,归肝经。,平肝解郁，活血祛风，明目，止痒,用于头痛眩晕，胸胁胀痛，乳闭乳痈，目赤翳障，风疹瘙痒。,6~10g。,
560,蒲公英,苦、甘，寒,归肝、胃经。,清热解毒，消肿散结，利尿通淋,用于疔疮肿毒，乳痈，瘰疬，目赤，咽痛，肺痈，肠痈，湿热黄疸，热淋涩痛。,10~15g。,
561,蒲黄,甘，平,归肝、心包经。,止血，化瘀，通淋,用于吐血，衄血，咯血，崩漏，外伤出血，经闭痛经，胸腹刺痛，跌扑肿痛，血淋涩痛。,5~10g，包煎。外用适量，敷患处。,孕妇慎用。
562,椿皮,苦、涩，寒,归大肠、胃、肝经。,清热燥湿，收涩止带，止泻，止血,用于赤白带下，湿热泻痢，久泻久痢，便血，崩漏。,6~9g。,
563,槐花,苦，微寒,归肝、大肠经。,凉血止血，清肝泻火,用于便血，痔血，血痢，崩漏，吐血，衄血，肝热目赤，头痛眩晕。,5~10g。,
564,槐角,苦，寒,归肝、大肠经。,清热泻火，凉血止血,用于肠热便血，痔肿出血，肝热头痛，眩晕目赤。,6~9g。,
565,雷丸,微苦，寒,归胃、大肠经。,杀虫消积,用于绦虫病，钩虫病，蛔虫病，虫积腹痛，小儿疳积。,15~21g，不宜入煎剂，一般研粉服，一次5~7g，饭后用温开水调服，一日3次，连服3天。,
566,路路通,苦，平,归肝、肾经。,祛风活络，利水，通经,用于关节痹痛，麻木拘挛，水肿胀满，乳少，经闭。,5~10g。,
567,蜈蚣,辛，温；有毒,归肝经。,息风镇痉，通络止痛，攻毒散结,用于肝风内动，痉挛抽搐，小儿惊风，中风口㖞，半身不遂，破伤风，风湿顽痹，偏正头痛，疮疡，瘰疬，蛇虫咬伤。,3~5g。,孕妇禁用。
568,蜂房,甘，平,归胃经。,攻毒杀虫，祛风止痛,用于疮疡肿毒，乳痈，瘰疬，皮肤顽癣，鹅掌风，牙痛，风湿痹痛。,3~5g。外用适量，研末油调敷患处，或煎水漱，或洗患处。,
569,蜂胶,苦、辛，寒,归脾、胃经。,补虚弱，化浊脂，止消渴；外用解毒消肿，收敛生肌,用于体虚早衰，高脂血症，消渴；外治皮肤皲裂，烧烫伤。,0.2~0.6g。外用适量。多入丸散用，或加蜂蜜适量冲服。,过敏体质者慎用。
570,蜂蜡,甘，微温,归脾经。,解毒，敛疮，生肌，止痛,外用于溃疡不敛，臁疮糜烂，外伤破溃，烧烫伤。,外用适量，熔化敷患处；常作成药赋型剂及油膏基质。,
571,蜂蜜,甘，平,归肺、脾、大肠经。,补中，润燥，止痛，解毒；外用生肌敛疮,用于脘腹虚痛，肺燥干咳，肠燥便秘，解乌头类药毒；外治疮疡不敛，水火烫伤。,15~30g。,
572,锦灯笼,苦，寒,归肺经。,清热解毒，利咽化痰，利尿通淋,用于咽痛音哑，痰热咳嗽，小便不利，热淋涩痛；外治天疱疮，湿疹。,5~9g。外用适量，捣敷患处。,
573,矮地茶,辛、微苦，平,归肺、肝经。,化痰止咳，清利湿热，活血化瘀,用于新久咳嗽，喘满痰多，湿热黄疸，经闭瘀阻，风湿痹痛，跌打损伤。,15~30g。,
574,满山红,辛、苦，寒,归肺、脾经。,止咳祛痰,用于咳嗽气喘痰多。,25~50g；6~12g，用40%乙醇浸服。,
575,滇鸡血藤,苦、甘，温,归肝、肾经。,活血补血，调经止痛，舒筋通络,用于月经不调，痛经，麻木瘫痪，风湿痹痛，气血虚弱。,15~30g。,
576,裸花紫珠,苦、微辛，平,,消炎，解肿毒，化湿浊，止血,用于细菌性感染引起炎症肿毒，急性传染性肝炎，内外伤出血。,9~30g。外用适量。,
577,蔓荆子,辛、苦，微寒,归膀胱、肝、胃经。,疏散风热，清利头目,用于风热感冒头痛，齿龈肿痛，目赤多泪，目暗不明，头晕目眩。,5~10g。,
578,蓼大青叶,苦，寒,归心、胃经。,清热解毒，凉血消斑,用于温病发热，发斑发疹，肺热咳喘，喉痹，痄腮，丹毒，痈肿。,9~15g。,
579,榧子,甘，平,归肺、胃、大肠经。,杀虫消积，润肺止咳，润燥通便,用于钩虫病，蛔虫病，绦虫病，虫积腹痛，小儿疳积，肺燥咳嗽，大便秘结。,9~15g。,
580,榼藤子,微苦，凉；有小毒,入肝、脾、胃、肾经。,补气补血，健胃消食，除风止痛，强筋硬骨,用于水血不足，面色苍白，四肢无力，脘腹疼痛，纳呆食少；风湿肢体关节痿软疼痛，性冷淡。,10~15g。,不宜生用。
581,槟榔,苦、辛，温,归胃、大肠经。,杀虫，消积，行气，利水，截疟,用于绦虫病，蛔虫病，姜片虫病，虫积腹痛，积滞泻痢，里急后重，水肿脚气，疟疾。,3~10g；驱绦虫、姜片虫30~60g。,
582,焦槟榔,苦、辛，温,归胃、大肠经。,消食导滞,用于食积不消，泻痢后重。,3~10g。,
583,酸枣仁,甘、酸，平,归肝、胆、心经。,养心补肝，宁心安神，敛汗，生津,用于虚烦不眠，惊悸多梦，体虚多汗，津伤口渴。,10~15g。,
584,磁石,咸，寒,归肝、心、肾经。,镇惊安神，平肝潜阳，聪耳明目，纳气平喘,用于惊悸失眠，头晕目眩，视物昏花，耳鸣耳聋，肾虚气喘。,9~30g，先煎。,
585,豨莶草,辛、苦，寒,归肝、肾经。,祛风湿，利关节，解毒,用于风湿痹痛，筋骨无力，腰膝酸软，四肢麻痹，半身不遂，风疹湿疮。,9~12g。,
586,蜘蛛香,微苦、辛，温,归心、脾、胃经。,理气止痛，消食止泻，祛风除湿，镇惊安神,用于脘腹胀痛，食积不化，腹泻痢疾，风湿痹痛，腰膝酸软，失眠。,3~6g。,
587,蝉蜕,甘，寒,归肺、肝经。,疏散风热，利咽，透疹，明目退翳，解痉,用于风热感冒，咽痛音哑，麻疹不透，风疹瘙痒，目赤翳障，惊风抽搐，破伤风。,3~6g。,
588,罂粟壳,酸、涩，平；有毒,归肺、大肠、肾经。,敛肺，涩肠，止痛,用于久咳，久泻，脱肛，脘腹疼痛。,3~6g。,本品易成瘾，不宜常服；孕妇及儿童禁用；运动员慎用。
589,辣椒,辛，热,归心、脾经。,温中散寒，开胃消食,用于寒滞腹痛，呕吐，泻痢，冻疮。,0.9~2.4g。外用适量。,
590,漏芦,苦，寒,归胃经。,清热解毒，消痈，下乳，舒筋通脉,用于乳痈肿痛，痈疽发背，瘰疬疮毒，乳汁不通，湿痹拘挛。,5~9g。,孕妇慎用。
591,赭石,苦，寒,归肝、心、肺、胃经。,平肝潜阳，重镇降逆，凉血止血,用于眩晕耳鸣，呕吐，噫气，呃逆，喘息，吐血，衄血，崩漏下血。,9~30g，先煎。,孕妇慎用。
592,蕤仁,甘，微寒,归肝经。,疏风散热，养肝明目,用于目赤肿痛，睑弦赤烂，目暗羞明。,5~9g。,
593,蕲蛇,甘、咸，温；有毒,归肝经。,祛风，通络，止痉,用于风湿顽痹，麻木拘挛，中风口眼㖞斜，半身不遂，抽搐痉挛，破伤风，麻风，疥癣。,3~9g；研末吞服，一次1~1.5g，一日2~3次。,
594,槲寄生,苦，平,归肝、肾经。,祛风湿，补肝肾，强筋骨，安胎元,用于风湿痹痛，腰膝酸软，筋骨无力，崩漏经多，妊娠漏血，胎动不安，头晕目眩。,9~15g。,
595,暴马子皮,苦，微寒,归肺经。,清肺祛痰，止咳平喘,用于咳喘痰多。,30~45g。,
596,墨旱莲,甘、酸，寒,归肾、肝经。,滋补肝肾，凉血止血,用于肝肾阴虚，牙齿松动，须发早白，眩晕耳鸣，腰膝酸软，阴虚血热吐血、衄血、尿血，血痢，崩漏下血，外伤出血。,6~12g。,
597,稻芽,甘，温,归脾、胃经。,消食和中，健脾开胃,用于食积不消，腹胀口臭，脾胃虚弱，不饥食少。炒稻芽偏于消食。用于不饥食少。焦稻芽善化积滞。用于积滞不消。,9~15g。,
598,僵蚕,咸、辛，平,归肝、肺、胃经。,息风止痉，祛风止痛，化痰散结,用于肝风夹痰，惊痫抽搐，小儿急惊风，破伤风，中风口㖞，风热头痛，目赤咽痛，风疹瘙痒，发颐痄腮。,5~10g。,
599,鹤虱,苦、辛，平；有小毒,归脾、胃经。,杀虫消积,用于蛔虫病，蛲虫病，绦虫病，虫积腹痛，小儿疳积。,3~9g。,
600,薤白,辛、苦，温,归心、肺、胃、大肠经。,通阳散结，行气导滞,用于胸痹心痛，脘腹痞满胀痛，泻痢后重。,5~10g。,
601,薏苡仁,甘、淡，凉,归脾、胃、肺经。,利水渗湿，健脾止泻，除痹，排脓，解毒散结,用于水肿，脚气，小便不利，脾虚泄泻，湿痹拘挛，肺痈，肠痈，赘疣，癌肿。,9~30g。,孕妇慎用。
602,薄荷,辛，凉,归肺、肝经。,疏散风热，清利头目，利咽，透疹，疏肝行气,用于风热感冒，风温初起，头痛，目赤，喉痹，口疮，风疹，麻疹，胸胁胀闷。,3~6g，后下。,
603,颠茄草,,,抗胆碱药,,,
604,橘红,辛、苦，温,归肺、脾经。,理气宽中，燥湿化痰,用于咳嗽痰多，食积伤酒，呕恶痞闷。,3~10g。,
605,橘核,苦，平,归肝、肾经。,理气，散结，止痛,用于疝气疼痛，睾丸肿痛，乳痈乳癖。,3~9g。,
606,藏菖蒲,苦、辛，温、燥、锐,,温胃，消炎止痛,用于补胃阳，消化不良，食物积滞，白喉，炭疽等。,3~6g。,
607,藁本,辛，温,归膀胱经。,祛风，散寒，除湿，止痛,用于风寒感冒，巅顶疼痛，风湿痹痛。,3~10g。,
608,檀香,辛，温,归脾、胃、心、肺经。,行气温中，开胃止痛,用于寒凝气滞，胸膈不舒，胸痹心痛，脘腹疼痛，呕吐食少。,2~5g。,
609,翼首草,苦，寒；有小毒,,解毒除瘟，清热止痢，祛风通痹,,1~3g。,
610,藕节,甘、涩，平,归肝、肺、胃经。,收敛止血，化瘀,用于吐血，咯血，衄血，尿血，崩漏。,9~15g。,
611,覆盆子,甘、酸，温,归肝、肾、膀胱经。,益肾固精缩尿，养肝明目,用于遗精滑精，遗尿尿频，阳痿早泄，目暗昏花。,6~12g。,
612,瞿麦,苦，寒,归心、小肠经。,利尿通淋，活血通经,用于热淋，血淋，石淋，小便不通，淋沥涩痛，经闭瘀阻。,9~15g。,孕妇慎用。
613,翻白草,甘、微苦，平,归肝、胃、大肠经。,清热解毒，止痢，止血,用于湿热泻痢，痈肿疮毒，血热吐衄，便血，崩漏。,9~15g。,
614,蟾酥,辛，温；有毒,归心经。,解毒，止痛，开窍醒神,用于痈疽疔疮，咽喉肿痛，中暑神昏，痧胀腹痛吐泻。,0.015~0.03g，多入丸散用。外用适量。,孕妇慎用。
615,鳖甲,咸，微寒,归肝、肾经。,滋阴潜阳，退热除蒸，软坚散结,用于阴虚发热，骨蒸劳热，阴虚阳亢，头晕目眩，虚风内动，手足瘈疭，经闭，癥瘕，久疟疟母。,9~24g，先煎。,
616,麝香,辛，温,归心、脾经。,开窍醒神，活血通经，消肿止痛,用于热病神昏，中风痰厥，气郁暴厥，中恶昏迷，经闭，癥瘕，难产死胎，胸痹心痛，心腹暴痛，跌扑伤痛，痹痛麻木，痈肿瘰疬，咽喉肿痛。,0.03~0.1g，多入丸散用。外用适量。,孕妇禁用。
