id,name,description,alias
1,疗法类术语,泛指根据中医药理论，借助于各种器具、形体动作、专门手法、药物及饮食、心理调摄手段，以及空气、阳光、水、火等自然物质，促使人体气血阴阳和调，增强脏腑器官功能，提高抵御疾病的能力，以达到防治疾病或强身健体、延缓衰老等目的的一类技术方法。包括针灸疗法、推拿疗法、外治疗法、饮食疗法、意疗法、杂疗法等。,
2,针灸疗法,泛指运用特制的金属针具，针刺并配合捻转、提插等手法刺激穴位，或以艾为原料，温灼穴位皮表，通过疏通经络，调理脏腑，或温通经脉，扶阳散寒等效应以防治疾病的一类疗法。注： 前者称为针法，后者称为灸法，合称针灸疗法。,
3,体针疗法,以毫针为针刺工具，通过在人体经络或经外腧穴施以一定的手法，以和调营卫气血，调整经络、脏腑功能而治疗相应疾病的一种针灸疗法。注： 针灸疗法中最常用、应用范围最广泛的治疗方法。,
4,头针疗法,根据大脑皮层功能定位理论，将头皮划分出皮层功能相对应的刺激区，在有关刺激区进行持续、快速捻针等手法以治疗疾病的一种针灸疗法。注： 常用于中风、偏瘫、失语、震颤、夜尿、癫痫、神经性疼痛等。,
5,面针疗法,针刺面部特定穴位，以治疗相应疾病的一种针灸疗法。注： 常用于各种胃肠疾患及缺乳、痹痛等。,
6,眼针疗法,针刺眼眶周围穴位，以治疗相应疾病的一种针灸疗法。注： 常用于中风、眩晕、头痛等。,
7,鼻针疗法,针刺鼻部及其周边的特定穴位，以治疗相应疾病的一种针灸疗法。注： 常用于鼻病、各种痹痛及眩晕、咳喘、胃痛、阳痿、遗尿、痛经等。,
8,耳针疗法,运用毫针、皮内针、艾灸、激光照射等器具，通过对耳廓穴位的刺激以防治疾病的一种针灸疗法。注： 常用于各种痹痛、急性感染及相关杂病。,
9,耳压疗法,在耳穴表面贴敷颗粒状药物或磁珠等刺激耳廓穴位，以防治相应疾病的一种疗法。注： 常用于肺胀、眩晕、胆石、失眠、近视等。,
10,舌针疗法,针刺舌体上特定穴位，以治疗相应疾病的一种针灸疗法。注： 常用于各种舌病及风痱、眩晕、心系病等。,
11,脊背针疗法,运用特定的粗针，在背部正中线及其他相关部位上沿皮下针刺，以治疗相应疾病的一种针灸疗法。注： 常用于外感病、皮肤病、眼病、情志病及各种痹痛、偏瘫、截瘫、小儿麻痹后遗症等。,
12,手针疗法,针刺手部特定穴位，以治疗相应疾病的一种针灸疗法。注： 常用于急性扭挫伤、咽喉病、腹泻、腰痛、落枕及各种杂病等。,
13,足针疗法,针刺足部特定穴位，以治疗相应疾病的一种针灸疗法。注： 常用于急救、头痛、三叉神经痛、痛经及各种病证。,
14,腕踝针疗法,针刺腕部或踝部特定刺激点，以治疗与之相应的肢体或脏腑疾病的一种针灸疗法。注： 常用于急性扭挫伤及各种痹痛等。,
15,皮内针疗法,运用特制小针固定于穴位皮内或皮下，并给予较长时间留置埋藏与按压刺激，以治疗疾病的一种针灸疗法。注： 常用于头痛、胃痛、胁痛、哮喘、遗尿、高血压病等。,"皮下埋针疗法, 浅刺留针疗法"
16,巨针疗法,运用特制的粗长不锈钢针刺入相关部位，以治疗疾病的一种针灸疗法。注： 常用于肢体痹病、瘫痪、风痱等。,
17,七星针疗法,运用多支短针（丛针）进行浅刺、速刺而不留针，以治疗相应疾病的一种针灸疗法。注： 常用于头痛、脊背痛、胁痛、荨麻疹等。,"梅花针疗法, 罗汉针疗法"
18,三棱针疗法,运用特制的三棱型不锈钢针，刺破相关穴位或浅表血络，放出少量血液，以治疗疾病的一种针灸疗法。注： 常用于各种急症、实证、热证及血肿、疼痛等。,
19,挑治疗法,运用三棱针等器械，在特定部位或穴位上挑断其皮下纤维组织，或挤压出血，以治疗疾病的一种针灸疗法。注： 常用于瘫痪、肢体痹病、头晕、头痛、发热、咳嗽、眼疾、疳积等。,"挑针疗法, 截根法"
20,刺四缝疗法,运用三棱针在四缝穴进行挑刺，挤出黄白色透明黏液，以治疗疾病的一种挑刺疗法。注： 常用于小儿疳病、积滞、厌食等。,
21,陶针疗法,运用经消毒的陶瓷片，在人体相关穴位，通过不同手法施行刺激，以防治疾病的一种针灸疗法。注： 常用于泄泻、霍乱、尿闭、痈疽、痄腮、小儿瘫痪等。,
22,芒针疗法,运用极细而富有弹性的不锈钢丝制成的针具（因其形状细长如麦芒，故称芒针）点刺深透相关穴位或部位，以防治疾病的一种针灸疗法。注： 常用于中风、胸痹、癃闭、瘰疬等。,
23,点刺疗法,运用锋利的针具，在人体皮肤表面或关节周围、脊椎两旁进行轻刺、点刺、快刺，以治疗疾病的一种针灸疗法。注： 包括单针浅刺和多针浅刺。常用于实热所致高热、牙痛、咽痛、疮疡及小儿麻痹后遗症，偏瘫，顽癣等。,"快速浅刺疗法, 毛刺疗法"
24,针刺麻醉法,根据经络原理，按手术要求循经取穴，辨证采用相应针刺手法以达到镇痛目的的一种麻醉方法。注： 常用于头颅、五官、胸腹等部位手术的麻醉。,
25,刺络拔罐疗法,运用皮肤针叩刺患处，再在该部位拔上火罐，以治疗疾病的一种针灸疗法。注： 常用于偏头痛、胸痛、痹痛、网球肘、失眠、肠胃病、痛经等。,
26,脉冲电针疗法,运用脉冲电针仪，在刺入人体相关穴位的毫针上导入脉冲电流，增强针刺得气感，以针与电的综合效应治疗疾病、提高疗效的一种针灸疗法。注： 适用范围与体针疗法相似。,
27,微波针疗法,运用微波针治疗仪所输出的医用微波频谱，通过特制辐射器与刺入穴位的毫针连接，将小剂量的微波输入人体的穴位、经络，以治疗疾病的一种针灸疗法。注： 常用于风眩及各种痹痛等。,
28,激光针疗法,运用医用激光仪所输出的激光束替代毫针刺激相关穴位，以治疗疾病的一种针灸疗法。注： 适用范围与毫针疗法相似。,
29,电离子导入疗法,运用药物离子透入仪输出的直流电，施加于浸有中草药液的电极板上，使药物离子透入人体穴位、经络，以治疗疾病的一种针灸疗法。注： 常用于风湿痹痛、乳痈、眼病及痛经、盆腔炎、产后发热等。,
30,水针疗法,根据患者病情，选用合适的注射药液注入相关穴位，集针刺与药物治疗所长，以治疗相应疾病的一种针灸疗法。注： 常用于经络病、胃肠病及各种内伤杂病等。,
31,火针疗法,将针尖烧红后迅速刺入相关部位，以治疗疾病的一种针灸疗法。注： 常用于肢体痹病、胃脘痛、胃缓、阳痿、脱肛、扁瘊、色素痣、老人斑、白癜风等。,
32,温针疗法,针刺后在针柄上安置艾炷，点燃后使其热力通过针身内传，以防治疾病的一种针灸疗法。注： 常用于面瘫、肩痹、腰肌劳损、胃缓、泄泻、痛经、子宫脱垂等。,
33,麦粒灸疗法,将艾绒制成麦粒大小的艾炷置于相关穴位或病变部位上施灸，以治疗疾病的一种针灸疗法。注： 常用于气血虚弱、眩晕、小儿发育不良、疣病等。,
34,疤痕灸疗法,运用黄豆或枣核大的艾炷直接放在相关穴位上施灸，局部组织烫伤后化脓并结疤痕，以治疗疾病的一种针灸疗法。注： 常用于哮病、慢性胃肠病、肢体痹病、体质虚弱等。,
35,隔姜灸疗法,在艾炷与皮肤之间隔一姜片进行施灸，以防治疾病的一种针灸疗法。注： 常用于防治感冒、寒性呕泻、腹痛、咳喘等。,
36,隔蒜灸疗法,在艾炷与皮肤之间衬隔蒜片或蒜饼进行施灸，以防治疾病的一种针灸疗法。注： 常用于疮、疖、乳痈、肢体痹病、天行赤眼等。,
37,药饼灸疗法,将药饼置于皮肤相应穴位，在药饼上置放艾炷施灸，以防治疾病的一种针灸疗法。注： 常用于痈疽初起、疮疡久溃不愈、虚损、阳痿、早泄等。,
38,艾条灸疗法,将艾条或药条点燃后，运用温和灸、雀啄灸、回旋灸等手法熏烤腧穴或患处，通过温和热力和药力刺激皮肤，以防治疾病的一种针灸疗法。注： 温和灸常用于慢性病证，雀啄灸、回旋灸常用于急性病证。,
39,雷火针灸疗法,运用具有芳香走窜特性的药物加艾绒制成的艾条，在相应穴位上施灸，以产生温通经络、畅行气血、祛除寒湿等治疗效应的一种艾条灸疗法。注： 常用于哮病、胸痹心痛、风湿痹痛、泄泻、腹痛等。,
40,太乙针灸疗法,运用具有温阳散寒、活血化瘀等作用的药物和艾绒所制成的艾条，在相应穴位上施灸，以治疗疾病的一种艾条灸疗法。注： 常用于风寒湿痹、痿病及虚寒证等。,
41,推拿疗法,泛指医生通过在患者体表一定部位或穴位施以推、拿、摩、擦等各种手法，或配合某些特定的肢体活动，以防治疾病、促进康复的一类疗法。注： 因施术目的、操作方法等的不同，有医疗推拿、保健按摩、小儿推拿、正骨推拿、内功推拿等。,
42,小儿推拿疗法,在中医理论指导下，根据小儿的生理、病理特点，运用开天门、推坎宫、运太阳、掐总筋、分阴阳、拿肩井等各种专有手法，以防治小儿疾病的一种推拿疗法。,
43,脏腑经穴推拿疗法,根据脏腑经络学说，在体表经穴（多以腹部穴位为主，也可选用背部、四肢及头面的穴位）施以按、摩、推、揉等手法，从而对疾病进行辨证施术的一种推拿疗法。注： 常用于胃脘痛、泄泻、便秘、哮病、胸痹、腰痛及伤科、妇科等。,
44,正骨推拿疗法,以矫正骨错筋歪等为目的，治疗骨伤科疾病的一种推拿疗法。注： 包括正骨手法与推拿手法。前者以牵、接、卡、挤、分、旋、端、靠为正骨八法，常用于骨折、脱位等；后者有捏、弹、按、压、揉、点、推、疏、摇、牵、搬、盘十二法，常用于筋肌损伤等。,"正骨推拿手法, 伤科按摩手法"
45,喉科擎拿疗法,在捏拿虎口、腋窝、锁骨窝等部位的同时，用力擎举上肢或扩展胸廓，以治疗咽喉疾病的一种推拿疗法。注： 常用于急喉风、喉痹等。,
46,膏摩疗法,将中药膏剂涂于体表的治疗部位，再施以推拿手法，发挥推拿与药物综合治疗作用，以治疗疾病的一种推拿疗法。注： 常用于风湿痹痛、偏瘫、痛风、骨损肿痛、伤筋、闭经、便秘、惊风等。,
47,内功推拿疗法,以擦法为主要手法，同时指导患者进行少林内功锻炼，以防治相应疾病的一种推拿疗法。注： 常用于内科杂病、虚劳病、月经病、带下病及各种外伤等。,
48,一指禅推拿疗法,以一指禅推法为主要手法，配合拿、按、摩、拿、按、摩、㨰、捻、抄、搓、缠、揉、摇、抖、捻、抄、搓、缠、揉、摇、抖等手法来防治疾病的一种推拿疗法。注： 常用于头痛、失眠、面瘫、关节痛、落枕、肩痹等。,
49,法推拿疗法,依靠施术者腕关节的伸屈动作，使手掌背部在患者体表来回“滚动”，并配以揉、按、拿、捻、搓等手法，以疏通经络、行气活血、调整阴阳、濡润筋骨的一种推拿疗法。注： 常用于瘫痪、痹病、四肢关节扭挫伤等病证。,
50,捏脊疗法,在患者脊柱两侧施行捏拿等手法为主，以治疗疾病的一种推拿疗法。注： 常用于疳病、食积、厌食、胃胀、呕泻、便秘、失眠等。,
51,点穴疗法,在相关穴位或特定的刺激部位，运用点、按、拍、掐、叩、捶等不同手法，以缓解疼痛、促使机体功能恢复的一种推拿疗法。注： 常用于瘫痪、劳损、扭伤、牙痛等。,
52,指拨疗法,根据“以痛为腧，不痛用力”的原则，在患病部位的原痛点、最痛点（或穴位）上施以拇指指腹向下、向外的平推扣拨手法，以治疗各种伤损痛证的一种推拿疗法。注： 常用于落枕、肩痹、扭挫伤、风湿痹痛及胸痹心痛、胃痛等。,
53,推扳疗法,在体表压痛点上作与肌纤维呈直角方向的推法和扳法，以治疗软组织损伤的一种推拿疗法。注： 常用于劳损所致肌肉酸痛、筋脉痉挛等。,
54,拍击疗法,用手或器械（如木棒、桑枝等）在人体体表相关部位进行拍打或捶击，以防治疾病的一种推拿疗法。注： 常用于风湿痹痛、腰痹、瘫痪、咳嗽、哮病、惊风等。,
55,保健按摩疗法,根据需要在一定部位运用推、拿、按、摩、揉、捏、搓、擦等手法自我按摩，以防治疾病的一类推拿疗法。,
56,鼓气吹张疗法,患者自己以手指紧捏鼻孔，向两耳鼓气，使气贯耳窍，耳窍哄然有声，鼓膜胀而向外突起，以防治疾病的一种保健按摩疗法。注： 常用于耳闭、鼓膜内陷、耳鸣、听力减退等。也可作为检测咽鼓管是否通畅的方法之一。,
57,鼓膜按摩,以中指插入外耳道内，轻轻按压、摇动，然后突然拔出手指，或以中指按压耳屏，使耳屏掩闭外耳道口，一按一松反复操作，以防治疾病的一种保健按摩疗法。注： 常用于耳闭、鼓膜内陷、暴聋等。,
58,鸣天鼓,将两手掌心紧贴于两外耳道口，使外耳道口暂时处于封闭状态，两手食、中、无名指对称地横按枕部，两中指相接触，并将两食指翘起放在中指上，然后将食指从中指上用力滑下，重重地叩击脑后20余次，日行数次，以防治疾病的一种保健按摩疗法。注： 常用于预防和治疗耳鸣、耳聋等。,
59,眼保健推拿疗法,通过对眼部周围等穴位的按摩，以疏通经络、调和气血、消除眼肌疲劳，从而保护视力、预防近视的一种保健按摩疗法。注： 常用于视力减退、近视、用眼疲劳等。,
60,外治疗法,泛指除针灸、推拿以外的各种施术于体表，以治疗疾病的一类疗法。注： 包括药熨、敷贴、膏药、熏洗等药物类疗法，或针刀、火烙、刮痧、钩割、挂线、结扎等器械类疗法等。,
61,药熨疗法,将药物（如药袋、药饼、药膏、药酒等）加热后置于患者体表特定部位，做热罨或往复移动，以促使腠理疏松、经脉调和、气血流畅的一种外治疗法。注： 常用于寒湿痹、气血瘀滞、虚寒劳损等。,
62,敷贴疗法,根据病情或治疗需要，将药物调成糊状，敷贴于体表特定部位或穴位上，以治疗疾病的一种外治疗法。注： 常用于哮喘、头痛、呕泻、自汗、盗汗、脱肛、眩晕、面瘫、风湿痹病、疮痈、癣疹、扭挫伤、烫伤、口糜及痛经、盆腔炎、产后发热等。,
63,发泡疗法,将某些能引起皮肤发泡的药物，捣碎敷在相关穴位或部位上，使之发泡，以治疗疾病的敷贴疗法。注： 常用于关节痹痛、疟疾、黄疸、痛经、小儿疳积等。,
64,敷脐疗法,将药物敷置于脐眼或脐部，以治疗疾病的一种外治疗法。注： 常用于眩晕、盗汗、便秘、尿闭、遗精、阳痿、阴挺、痛经等。,
65,湿敷疗法,用纱布沾取药液敷于患处，以治疗疾病的一种外治疗法。注： 常用于疮疡痈肿、皮肤疾患、烧伤、烫伤等。,
66,湿泥疗法,用湿泥或特制药泥等敷布在人体一定部位，或置身于泥中，以治疗疾病的一种湿敷疗法。注： 常用于实热病证。,
67,热敷疗法,将发热物体置于身体的患处或特定部位（如穴位），以防治疾病的一种外治疗法。注： 包括水热敷法、醋热敷法、姜热敷法、葱热敷法、盐热敷法、砂热敷法、蒸饼热敷法、铁末热敷法、砖热敷法等。常用于胃肠疾患、腰腿痛、痛经、冻疮、乳痈等。,
68,热蜡疗法,将液态或半固态的黄蜡、石蜡或地蜡，涂布或热敷患处，以治疗疾病的一种外治疗法。注： 常用于腰腿疼痛、冻伤、某些皮肤病等。,
69,熏蒸疗法,运用药物燃烧或煮沸后产生的烟雾或蒸汽，通过熏蒸患处或口鼻吸入等方式防治疾病的一种外治疗法。注： 根据熏蒸部位分为全身熏蒸法和局部熏蒸法。常用于各种骨折病、伤筋病、皮肤黏膜病、前阴病及麻疹、风疹等。,
70,熏洗疗法,用药物煎汤的蒸汽熏蒸患处，并用温热药液淋洗局部，以治疗相应疾病的一种外治疗法。注： 常用于风寒感冒、风湿痹痛、湿疹、癣疥、跌打损伤、眼病、鼻病、肛肠病、前阴病、痛经、盆腔炎、产后发热及麻疹、风疹等。,
71,烟熏疗法,将具有杀虫灭菌或开窍醒神、止咳平喘、祛风燥湿等作用的中药烟熏剂燃着后，用烟气熏罨体表治疗部位或吸入口鼻，以防治疾病的一种外治疗法。注： 常用于防治某些流行性疾病、肺系病、皮肤黏膜病、女性前阴病等。,
72,神灯照疗法,用相关药物蘸油燃烧后，使烟气上熏患病部位，借助于药力、热力和光照等作用，以治疗疾病的一种外治疗法。注： 常用于痈疽发背初起、麻疹不透、疮疥瘙痒等。,
73,冲洗疗法,运用药液反复冲洗患病部位，以治疗相应疾病的一种外治疗法。注： 常用于五官科、女性生殖系统及肛肠病等。,
74,沐浴疗法,将身体或患处浸泡在水中或药液中洗浴，以产生养生康复、防治疾病效应的一种外治疗法。注： 包括冷浴、热浴、药浴、矿泉浴、海水浴、蒸汽浴等。常用于外感发热、皮肤疮癣、跌打损伤、风湿痹痛、皮肤瘙痒、肥胖病等。,
75,浸洗疗法,运用药物煎洗剂等浸洗患处，以治疗疾病的一种外治疗法。注： 常用于癣病、脱肛、阴挺、筋骨外伤等。,
76,膏药疗法,运用膏药敷贴于体表特定部位，以治疗相应疾病的一种外治疗法。注： 常用于痈疽、疔疮、溃疡、瘰疬、流痰及跌打损伤、风湿痹痛等。,
77,药膏疗法,将外用药膏敷贴于肌肤，通过皮肤、黏膜的吸收，以行气活血、疏通经络、祛邪外出的一种外治疗法。注： 常用于筋骨损伤、骨折、疮疡等。,
78,箍围疗法,借助箍围药（如金黄散、玉露散、冲和散、回阳玉龙散等）截毒、束毒、拔毒等作用而产生清热消肿、散瘀定痛、温经化痰等效应的一种外治疗法。注： 常用于痈疽疔疖、瘰疬、瘿瘤、毒虫咬伤等。,
79,腐蚀疗法,选用具有一定腐蚀作用的药物，敷涂患处，以蚀去恶肉，促使新肉生长的一种外治疗法。注： 常用于疮疡、癌瘤、流痰等。,
80,烧灼疗法,用具有腐蚀性的药物点敷或点滴病变部位，以治疗疾病的一种外治疗法。注： 常用于皮肤上的疣、痣、瘤、鸡眼等。,
81,药栓疗法,将药物加工制成固体药剂（即栓剂），或用药棉、纱布条等材料包裹或浸渍药液后，插入肛门或阴道给药，通过直接作用于患处及黏膜吸收等，以产生治疗效应的一种外治方法。注： 常用于肛肠病、阴道与胞宫病等。,
82,灌肠疗法,将配制好的药液灌注并留置于肠腔，通过直接作用于患处及肠黏膜吸收等，以产生治疗效应的一种外治方法。注： 常用于肾衰、大瘕泄、肠痹、肛肠病及痛经、盆腔炎、产后发热、高热抽搐等。,
83,握药疗法,将药物加工成合适的剂型握在手中，通过药物透皮吸收及刺激手掌相关穴位等作用，以产生防治疾病效应的一种外治方法。注： 常用于感冒、面瘫、小儿疳积、遗精等。,
84,药枕疗法,将配制药物装入枕芯，或制成薄型药袋置于普通枕头上，通过枕卧而发挥药物防治疾病作用的一种外治方法。注： 常用于头痛、头晕、失眠、健忘、神劳、中风偏瘫、脑风、鼻渊、风眩等。,
85,药肚疗法,将配方药物研末，装入布袋或肚兜，缚于脐腹部，通过药物透皮吸收作用，以产生相应治疗效应的一种外治疗法。注： 常用于遗精、久泻、久痢、癥瘕积聚、月经病、带下病、小儿疳积等。,
86,药带疗法,将药物加工后装入如腰带的布袋中，缠缚于腰部或其他部位，通过药物透皮吸收作用，以产生相应治疗效应的一种外治疗法。注： 常用于腰部以下的病变，如偏痹、腰痹及肾系病、生殖病等。,
87,香佩疗法,将芳香类药物为主的配方装入香囊或颈托、肚兜、护腰、药带内，佩戴身上，通过药物气味及其透皮吸收作用，以产生防治疾病效应的一种外治疗法。注： 常用于防治感冒、头痛、眩晕、小儿疳积、腹痛、腰痛等，也可用于辟秽防疫、防止蚊虫叮咬等。,
88,枯痔疗法,将具有腐蚀枯脱、燥湿收敛等作用的药物制成散剂，涂搽于内痔核，使痔核发生凝固性坏死、萎缩、脱落的一种外治疗法。注： 常用于二、三期脱出的内痔，或伴有直肠黏膜脱出的巨大内痔，或痔核较多的环形痔等。,
89,枯痔钉疗法,用具有燥湿收敛、腐蚀坏死等作用的药物制成“钉”状，插入痔核，使痔核干枯、坏死、脱落的一种枯痔疗法。注： 常用于内痔。,
90,枯痔硬化疗法,用硬化萎缩剂或硬化脱落剂注入痔核内，使内痔硬化萎缩，或坏死脱落的一种枯痔疗法。注： 常用于内痔一、二期及海绵状血管瘤等。,
91,拔罐疗法,运用各种罐具，通过排去其中空气所产生的负压，使之吸附于皮肤表面，造成被拔部位局部的充血、瘀血，以刺激经络腧穴或拔毒排脓等方式产生相应治疗效应的一种外治疗法。注： 常用于痹病、头痛、眩晕、月经病、眼病、丹毒等。,
92,走罐疗法,以杯罐作工具，在杯罐口及病变部位涂以适量润滑剂，先借热力等方式产生负压，使之吸着于皮肤，然后用手推动杯罐，在病变部位来回滑动，使皮肤产生潮红或瘀血现象，以产生防治疾病效应的一种拔罐疗法。注： 常用于各种痹痛、漏肩风、腰肌劳损等。,
93,药筒疗法,将药物与竹筒同煮，趁热急覆患处或相应治疗部位，利用其负压吸力、热力及药气渗透等的共同作用，以治疗疾病的一种拔罐疗法。注： 常用于外科疮疡肿毒、毒蛇咬伤及哮喘等。,"药罐疗法, 药筒拔法"
94,火烙疗法,用加热的金属器械烙烫病变局部组织，以治疗疾病的一种外治疗法。注： 常用于赘疣、息肉、喉核、胬肉攀睛等。,
95,扁桃体烙治疗法,运用咽喉科专用小烙铁，对扁桃体表层组织进行烙烫，以祛邪排毒、消肿利咽，使喉核逐步缩小平复的一种烙治疗法。注： 常用于反复发作的慢乳蛾、慢喉痹等。,
96,打灯火疗法,用灯芯草蘸麻油，点燃后在一定的部位或穴位上打爆，以治疗疾病的一种外治疗法。注： 常用于痄腮、头痛、针眼、乳蛾等。,"爆灯火疗法, 烧灯火疗法"
97,切开疗法,运用手术刀具切开病灶或脓肿，以达到排除脓液、充分引流目的的一种外治疗法。注： 常用于痈疡已形成脓肿等。,
98,割治疗法,运用刀、针等器械，在体表特定治疗部位或经络腧穴上进行切割挑治，通过刺激切口内组织或摘取少量皮下组织、切除多余赘生物等方式达到治疗目的的一种外治疗法。注： 常用于喉痹、面瘫、哮病、小儿疳积、胃肠病、瘰疬、痔疮及各种痛证等。,
99,钩割疗法,将赘生于胞睑内面、白睛等处的赤脉及息肉钩起割去的一种割治疗法。注： 常用于胬肉攀睛、鸡冠蚬肉、睥肉粘轮等眼病。,
100,鼻丘割治疗法,运用弯刀或尖刀等器械，对鼻丘进行割治，以达到疏通经脉、通利鼻窍治疗目的的一种割治疗法。注： 常用于治疗药物控制疗效不显的鼻鼽顽症。,
101,割掌疗法,运用小眉刀等器械，在患儿手掌部位进行切割，摘取少量皮下脂肪，以治疗疾病的一种割治疗法。注： 常用于小儿疳积、厌食、哮病等。,
102,小针刀疗法,运用小针刀等特制针具，刺入特定部位或阿是穴深部进行切割、剥离，使粘连组织纤维断离、松解，达到祛病止痛目的的一种割治疗法。注： 常用于软组织损伤、骨关节病变，在内科、妇科、儿科及皮肤科等病证也有广泛应用。,
103,刺血疗法,用针具或刀具刺破或划破人体特定的穴位或相关部位，放出少量血液，以治疗疾病的一种外治疗法。注： 常用于高热、神昏、中暑、感冒、疼痛、风眩、急惊风、中毒、毒蛇咬伤等。,
104,扁桃体啄治疗法,运用针或尖刀等对腭扁桃体施以雀啄样挑刺、点刺手法，以达到泻热祛邪、通络止痛、排脓消肿等治疗目的的一种刺血疗法。注： 常用于乳蛾、喉痹等所致扁桃体肿大，反复发作咽喉肿痛，有异物感，吞咽不利，鼾症，口臭等。,
105,砭镰疗法,运用三棱针、小刀锋，或带有细刺的龙须草、灯心草等在病变处浅刺或镰（擦）洗，使之少量出血，以促使蕴阻邪热随之外泄的一种刺血疗法。注： 常用于下肢丹毒、红丝疔、椒疮等。,"镰洗疗法, 飞针疗法"
106,刮痧疗法,用边缘光滑的嫩竹板、小汤匙、铜钱、瓷器片等为工具，蘸食油或清水在体表部位进行由上而下、由内向外反复刮动，刮至出现紫红色的条痕或斑块为度，以治疗疾病的一种外治疗法。注： 常用于痧症、中暑、感冒、喉痛、腹痛、呕泻、头昏、脑胀等。,
107,撮痧疗法,在患者体表特定部位或穴位上，用手指反复捏扯出若干个橄榄状充血斑块，以防治疾病的一种捏痧疗法。注： 常用于急性腹痛、呕泻、中暑、时行感冒、头痛、关节痹痛等。,"捏痧疗法, 抓痧疗法"
108,缠缚疗法,运用宽绷带等缠缚下肢，以治疗臁疮、青筋腿等病证的一种外治疗法。,
109,引流疗法,以导管或纱布条、药捻纸条等插入脓疡创口，使脓液排出畅通的一种外治疗法。注： 常用于外科疮疡、腹腔手术后引流等。,
110,吸引疗法,用医疗器械或口吮吸患处，吸引出痰涎、脓血、毒液等，以治疗相应疾病的一种外治疗法。注： 常用于较深部的脓疡或痈肿、急性乳痈、风眩、中风痰闭、痰壅窒息、毒蛇咬伤、毒虫咬伤等。,
111,药线疗法,用桑皮纸、丝绵纸或拷贝纸蘸药，或内裹药物，插入病变部位，以治疗疾病的一种外治疗法。注： 常用于痈疽疮疡、流痰、癌瘤等。,
112,拖线疗法,以粗丝线掺抹祛腐拔毒药等贯穿于瘘管或窦道中，通过药线的拖拉引流，以排净脓腐的一种外治疗法。注： 常用于瘘管、窦道等。,
113,灌注疗法,将具有祛腐拔毒、生肌敛疮等作用的方药灌注于瘘管或窦道内，使较为深层、复杂之瘘管、窦道等得以腐祛肌生的一种外治疗法。注： 常用于头颅、胸腹、盆腔部手术后创口不愈，形成深层、复杂性窦瘘病证等。,
114,垫棉疗法,将棉花或纱布叠成块，以衬垫疮部，借助加压之力使脓液不致壅留袋脓，或使溃疡空腔皮肤与新肉得以粘合而愈合的一种外治疗法。注： 常用于疮孔窦道形成、溃疡脓出而有袋脓等。,"垫棉法, 垫棉压迫疗法"
115,点眼疗法,将具有消红肿、去眵泪、止痛痒、除翳膜等作用的药物直接点入眼内，以治疗眼病的一种外治疗法。注： 包括点眼药水、点眼药粉、涂眼药膏、放眼药膜等。常用于外眼病证。,
116,敷眼疗法,用药物或冷水、热水等敷于眼部，以防治眼病的一种外治疗法。注： 本法包括药物敷法、热敷法（又分湿热敷法、干热敷法）、湿敷法等。常用于外眼病证。,
117,海螵蛸摩擦疗法,用磨成鸭嘴形的海螵蛸棒，来回摩擦睑内颗粒至轻度出血为度，然后用生理盐水冲洗，涂以眼膏的一种外治疗法。注： 常用于椒疮颗粒较多等。,
118,金针拨障疗法,通过针拨手术，将白内障拨离瞳孔，以恢复患者视力的一种外治疗法。注： 包括白内障针拨术和白内障针拨套出术。常用于圆翳内障成熟期。,
119,塞耳疗法,将相关药末用纱布包裹塞入耳内，以防治疾病的一种外治疗法。注： 常用于耳鸣、耳聋、脓耳、鼻衄、痛经、疟疾等。,
120,吹耳疗法,运用喷吹的方法，将极细的药粉吹布于耳道内外等患处，以治疗耳部疾病的一种外治疗法。注： 常用于外耳湿疹、耳疮、旋耳疮、脓耳等。,"耳内吹粉疗法, 药末吹耳疗法, 药末喷耳疗法"
121,滴耳疗法,将具有清热解毒、消肿收敛等作用的药液滴入耳道，并适当按压耳屏，使药液进入耳道深部，以治疗耳病及异物入耳等病的一种外治疗法。注： 常用于耳道流脓、耳道糜烂、耳部疮痈疔毒、耳痣及耳道赘生物等。,
122,洗耳疗法,将具有清热泻火、消肿解毒等作用的药物制成药液清洗耳部患处，或以细棉签蘸药液清洁外耳道、耳廓等处，以治疗疾病的一种外治疗法。注： 常用于耳道流脓、耳部痈疽疖疮等。,
123,塞鼻疗法,将药物制成适当剂型（如丸、散、膏等）塞入鼻内，通过鼻黏膜吸收，以治疗疾病的一种外治疗法。注： 常用于嗅觉障碍、鼻甲肥大、鼻塞不通等鼻病，头面部及口齿病，以及乳痈、疟疾、哮病等。,
124,鼻腔填塞疗法,用棉花蘸取有凉血收敛止血等作用的药液、药末，或用凡士林油纱条等填塞鼻腔出血部位，以止鼻衄的一种塞鼻疗法。,
125,药液滴鼻疗法,将具有芳香通窍、收敛止涕、凉血止血或养阴润燥等作用的药物制成水剂、油剂或乳剂等药液，滴入鼻内，以治疗鼻病的一种外治疗法。注： 常用于伤风鼻塞、鼻鼽、鼻渊、鼻衄、鼻窒、鼻槁等。,
126,油剂滴鼻疗法,将具有养阴润燥等作用的药物制成油剂，滴入鼻窍，以滋养黏膜，治疗鼻病的一种滴鼻疗法。注： 常用于鼻槁等。,
127,吹鼻疗法,将药物研为极细粉末，以喷药器等器具把药粉吹入鼻内，经鼻黏膜吸收而治疗疾病的一种外治疗法。注： 常用于头面与五官疾病，如头痛、牙痛、鼻衄、感冒、鼻鼽、天行赤眼等。,
128,取嚏疗法,将芳香辛窜药末吹入鼻腔，通过药物对鼻黏膜的刺激，引起喷嚏反射，以祛除病邪、治疗疾病的一种吹鼻疗法。注： 常用于神昏、厥脱、头面部疾病，以及癃闭、感冒等。,
129,鼻嗅疗法,用鼻嗅吸药物气味、蒸汽或药烟，以治疗疾病的一种外治疗法。注： 常用于口鼻等头面部病证，如感冒鼻塞、头痛等。,
130,气雾吸入疗法,用喷雾或雾化装置，将药物极细颗粒、雾滴等喷入或吸入口鼻，以治疗相应疾病的一种外治疗法。注： 常用于治疗口舌、咽喉、鼻病及心系、肺系等。,
131,雾化吸入疗法,通过雾化装置将中药蒸汽或极微细雾滴、微颗粒等吸入呼吸道及肺内，以清洁、湿润气道，治疗相应疾病的一种气雾吸入疗法。注： 常用于治疗鼻咽部、口腔疾病及心、肺等。,
132,喷雾疗法,将药物溶液或极细粉末，经喷雾装置形成药物蒸汽、雾粒或汽溶胶，供呼吸道吸入或局部喷洒，以治疗疾病的一种气雾吸入疗法。注： 常用于治疗口舌、鼻咽部疾病及厥心痛、昏厥、肺胀、久咳等。,
133,噙化疗法,将丸剂或片剂药物噙在口中含化，以治疗疾病的一种外治疗法。注： 常用于口舌、咽喉病及胸痹、心痛、厥心痛等。,
134,含漱疗法,将清热解毒、消肿止痛类药液含漱口中，以清洁患部，防治口腔、咽喉部疾病的一种外治疗法。注： 常用于咽喉、口齿等。,
135,小儿蒂丁指压疗法,用指压患儿舌根部的“蒂丁”（相当于会厌软骨部位高突如丁状的病理性反应点），以治疗婴幼儿疾病的一种外治疗法。注： 常用于婴幼儿呕吐等。,
136,吹喉疗法,将清热消肿、解毒利咽、收敛祛腐类药末用喷粉器吹布于咽喉部，以治疗相应疾病的一种外治疗法。注： 常用于咽喉、口舌等。,
137,药液拭口疗法,用干净纱布蘸药汁或淡盐水拭抹口腔，以清洁口舌或患部的一种外治疗法。注： 常用于小儿鹅口疮，以及高热伤阴、神昏等。,
138,擦牙疗法,用具有开关通窍等作用的药物，涂搽患者牙龈，使神昏口噤得开的一种外治疗法。注： 常用于中风、痉病、惊风、抽搐等病证的急救。,
139,结扎疗法,用线结扎或用绳缠扎，使病变部位经络阻塞，气血不畅，渐至坏死、脱落等的一种外治疗法。注： 常用于痔核、息肉、赘瘤、赘疣、毒蛇咬伤、脱疽等。,
140,挂线疗法,用药制丝线、医用丝线、橡皮筋等材料，缠扎患病组织，利用“挂线”的紧箍力，阻滞经络气血，使局部组织坏死，以剖开瘘管或窦道的一种结扎疗法。注： 常用于肛瘘、窦道等。,
141,套扎疗法,用特制结扎器械，将胶圈或胶环套于痔基底部，通过胶圈或胶环的紧绞，阻断痔的血行，使痔坏死、脱落的一种结扎疗法。注： 常用于内痔等。,
142,结扎切除疗法,将外痔切除、内痔结扎的一种外治疗法。注： 常用于混合痔等。,
143,切开挂线疗法,切开皮肤、皮下组织，用线结扎肛门外括约肌深部及肛肌的耻骨直肠部，从而缓慢地使结扎部分的括约肌发生狭窄、坏死，产生粘连，使括约肌相对固定的一种外治疗法。注： 常用于高位肛瘘等。,
144,整复疗法,通过手法，或借助于器械，使移位的筋骨恢复其原来位置，以治疗筋骨损伤等疾病的一种外治疗法。注： 包括诊断与治疗手法，牵引和固定等方法。常用于骨折病、脱位病、筋骨病等。,
145,牵引疗法,运用手法、器械（牵引吊带、重锤牵引、牵引仪等）所产生的外力，持续或间歇作用于人体脊柱或四肢关节的纵轴，使骨节筋肌等发生一定的分离或得到适当牵伸，以消除肌肉痉挛，松解局部粘连，复原骨节移位或错缝，解除神经根压迫与刺激，调整脊柱内外力平衡等的一种整复疗法。注： 根据使用外力牵拉的不同部位，分为颈椎牵引法、腰椎牵引法和四肢关节牵引法等。常用于项痹、脊痹及骨折病、脱位病、筋骨损伤等。,
146,骨盆牵引法,通过骨盆牵引带上端固定胸下部，下端束于髂骨，沿脊柱纵轴单向进行悬吊牵引，以调整腰椎以下骨关节紊乱的一种牵引疗法。注： 常用于腰椎间盘突出症、腰骶关节移位、骶髂关节损伤等。,
147,颈椎布兜牵引法,通过布兜固定下颌和枕部，沿躯体纵轴进行拮抗牵引，以调整颈椎骨关节紊乱的一种牵引疗法。注： 常用于颈椎骨折、脱位、颈椎间盘突出症、颈椎管狭窄症等。,
148,包扎固定疗法,运用绷带、胶布或某些特制器械，将患病部位按要求包扎固定，以利于损伤组织恢复的一种整复疗法。注： 常用于骨折、脱位及伤筋等。,
149,夹板固定疗法,运用扎带或绷带把木板、竹板或塑料制成的夹板固定在骨折已经复位的肢体上，以促进骨折愈合的一种整复疗法。,
150,穴位埋线疗法,将羊肠线埋入相关穴位，利用羊肠线对穴位的持续刺激作用，以治疗相应疾病的一种外治疗法。注： 常用于哮病、软脚瘟、胃脘痛、遗尿、面瘫、痫病、腰腿痛等。,
151,磁穴疗法,运用磁场作用于人体腧穴或患病部位，以治疗疾病的一种外治疗法。注： 常用于体表肿瘤、外伤、肢体痹病、风眩、咳喘、肺胀、胃疡、消渴、久泻、痢疾、夜尿等。,
152,饮食疗法,泛指根据阴阳五行、药食同源等中医理论，通过辨证施食，借助食物气味之偏纠正人体禀赋或脏腑气血的偏颇，以产生补虚复壮、促进康复、防治疾病等效应的一类疗法。注： 包括食养、食疗等。,
153,食养,按照中医养生学理论，根据不同年龄、秉质、个性、生活习惯及气血阴阳、脏腑刚柔等方面差异，因人制宜地选用适宜的食物，或制定合理的膳食谱，以增进健康，或达到补虚复壮、养颜延年等目的的一类饮食疗法。,
154,食疗,按照中医理论，采用具有一定药理作用的食物，或配伍相关药物，制作成具有强身健体、防治疾病功效的膳食制剂，以辅助治疗或有益于疾病康复的一类饮食疗法。注： 包括药膳、药饭、药粥、药酒、药茶、脏器等疗法。,
155,药膳疗法,选用具有一定药性、药效作用的食物，通过辨证施食，将食物与药物合理组配，烹调成菜肴食用，以治疗疾病、保健康复、强身健体、延年益寿的一种食疗方法。,
156,药饭疗法,将谷物和某些食物与药物一起制成饭、糕、饼、包子、馒头等食品食用，以防治疾病的一种食疗方法。注： 常用于各种慢性疾病的辅助治疗，老年体弱及病后、产后、手术后康复等。,
157,药粥疗法,将药物和谷物同煮成药粥食用，以防治疾病的一种食疗方法。注： 常用于各种慢性疾病的辅助治疗，老年体弱、病后、产后及手术后康复等。,
158,药酒疗法,将药物浸泡于酒中制成药酒，通过内服或外用，以防治疾病的一种食疗方法。注： 内服药酒常用于风湿痹痛、中风偏瘫，体质虚弱等。外用药酒常用于疥癣顽疮、跌打损伤、风湿痹痛等。,
159,药茶疗法,运用药物或具有药效的食物，经加工制成茶剂以及汤、饮、乳、汁、露、浆等饮剂服用，以防治疾病的一种食疗方法。注： 常用于慢性疾病的辅助治疗，或年老体弱等。,
160,脏器疗法,运用某些动物内脏或组织器官的特殊作用，以防治疾病的一种食疗方法。注： 常据病情选配适宜的中药一同炖煮食用，以提高疗效。,
161,意疗法,泛指借用于语言、行为、肢体动作或音乐、舞蹈、药物、暗示等方式，以调节情志，产生预期的心理效应，治疗相关精神、情志异常疾病的一类心理疗法。,
162,情志疗法,通过意示、开导及以情胜情、移情易性、暗示解惑等方式，调节患者的精神与情志状态，以防治相应疾病的一种意疗法。注： 常用于精神或情志因素起主导作用的疾患。,
163,意示入眠疗法,以存想、意守等自暗示或他暗示，或配以按摩等方法，诱导病人入眠，以治疗由情志异常所致疾病的一种情志疗法。注： 常用于失眠、神劳、神郁、癫狂等。,
164,语言开导疗法,针对患者的病情及其心理状态、情感障碍等，采取语言交谈方式进行说理疏导，以消除其致病心因，纠正其不良情绪和情感活动等的一种情志疗法。注： 常用于各种心因性疾病，以及精神或情志异常所致心身疾病。,
165,以情胜情疗法,根据阴阳五行学说及情志相胜等理论，有意识地激发患者一种或多种情志反应，以制约、消除其病态情志，从而治疗由情志偏激等所引起的某些心身疾病的一种情志疗法。注： 根据所激发的情志变化，可分为喜乐疗法、激怒疗法、惊恐疗法、悲哀疗法等。常用怒胜思、思胜恐、恐胜喜、喜胜悲忧、悲胜怒等情志相胜法。,"情志相胜疗法, 情志相胜法"
166,移情易性疗法,通过分散病人的注意力，或改变其周围环境，或通过精神转移，改变病人内心虑恋的指向性，即排遣情思、改变心志，以治疗由情志因素所致疾病的一种情志疗法。,
167,暗示解惑疗法,采用含蓄、间接的方式，对病人的心理状态产生影响，以诱导病人“无形中”接受医生的治疗性意见，或通过语言等方式，剖析本质、真情，以解除病人的疑惑，治疗由情志因素所致疾病的一种情志疗法。注： 常用于猜疑、误解、猜测等所致的幻觉、抑郁等。,
168,顺意疗法,顺从病人的意念、情绪，满足病人的心身需求，以释却病人心因的一种情志疗法。注： 常用于由情志意愿不遂所引起的心身病患等。,
169,习以平惊疗法,使病人习惯接触有害的刺激因素，提高其适应能力，使之不再对该刺激因素敏感，以治疗由惊恐等因素所引发疾病的一种情志疗法。注： 常用于因精神过敏所致心身疾病。,
170,音乐疗法,使人处于特定的音乐环境中，感受音乐的艺术意境，怡情易性，宣通气血，以产生养生祛病效应的一种意疗法。,
171,歌吟疗法,通过歌唱或吟咏，调节情志，怡情易性，强健肺气，从而养生祛病的一种意疗法。注： 常用于治疗胸闷、气急、神情抑郁等。,
172,舞蹈疗法,以舞蹈形体动作和音乐编排为主要内容，通过舞蹈运动节操的锻炼和舞蹈音乐观赏等形式进行疾病防治的一种意疗法。注： 舞蹈运动节操适用于慢性肢体关节病变等形体康复治疗，舞蹈观赏适用于怡情易性及郁病、残障体弱者的心理康复等。,
173,杂疗法,泛指综合运用具有多种治疗方法组合而成，或采用某些特殊外治方法以治疗疾病的一类疗法。注： 包括矿泉、日光浴、蜂毒、鳝血等疗法。,
174,矿泉疗法,将矿泉水内服、外用，利用其化学和物理等综合作用，以防治疾病的一种疗法。注： 常用于某些脏腑病、皮肤黏膜病、生殖病等辅助治疗。,
175,日光浴疗法,按照一定的方法使日光照射在人体上，以产生一系列有益于健康的生理、生化反应的一种锻炼方法。注： 常用于佝偻病、肺咳、风湿痹痛等慢性疾病的防治。,
176,蜞针疗法,运用蚂蝗吸咂患处或特定部位，通过其泌出的水蛭素等综合作用，以治疗相应疾病的一种疗法。注： 常用于痈肿疮疡、毒蛇咬伤、毒虫螫伤、外伤性血肿、急性腰扭伤、血管栓塞、静脉曲张等。,
177,蜂毒疗法,根据针灸原理，利用蜜蜂等尾部的螫针，螫刺人体穴位或特定部位，通过其泌出的蜜蜂毒素等综合作用，以防治疾病的一种疗法。注： 常用于风湿病、骨痹、皮痹、大偻、面瘫、偏瘫、偏头痛、哮喘、心系病、肿瘤等。,"蜂螫疗法, 蜂针疗法"
178,鳝血疗法,用鳝血或鳝血膏药等涂贴在特定部位，以治疗疾病的一种疗法。注： 常用于面瘫、面风痛、鼻衄、缠腰火丹等。,